Datetime,Open,High,Low,Close,Volume,Dividends,Stock Splits
2024-01-31 09:30:00-05:00,187.0399932861328,187.09500122070312,184.7899932861328,185.01499938964844,12426052,0.0,0.0
2024-01-31 10:30:00-05:00,185.02000427246094,185.8699951171875,184.89999389648438,185.7198944091797,5060007,0.0,0.0
2024-01-31 11:30:00-05:00,185.72000122070312,186.11000061035156,185.4199981689453,186.08999633789062,3731068,0.0,0.0
2024-01-31 12:30:00-05:00,186.0800018310547,186.44000244140625,185.8332977294922,186.16000366210938,3297036,0.0,0.0
2024-01-31 13:30:00-05:00,186.1699981689453,186.52999877929688,185.25999450683594,185.6699981689453,4331208,0.0,0.0
2024-01-31 14:30:00-05:00,185.6699981689453,186.94000244140625,185.03500366210938,185.52000427246094,6707892,0.0,0.0
2024-01-31 15:30:00-05:00,185.52000427246094,185.5886993408203,184.35000610351562,184.36000061035156,6428646,0.0,0.0
2024-02-01 09:30:00-05:00,184.25,186.17999267578125,183.9600067138672,186.10499572753906,12493823,0.0,0.0
2024-02-01 10:30:00-05:00,186.1199951171875,186.30999755859375,185.2899932861328,185.39500427246094,5815982,0.0,0.0
2024-02-01 11:30:00-05:00,185.38999938964844,186.2949981689453,185.36000061035156,185.88999938964844,4622455,0.0,0.0
2024-02-01 12:30:00-05:00,185.88999938964844,186.44000244140625,185.57000732421875,185.72999572753906,4421852,0.0,0.0
2024-02-01 13:30:00-05:00,185.74000549316406,186.15499877929688,185.25999450683594,185.97500610351562,4416220,0.0,0.0
2024-02-01 14:30:00-05:00,185.9799041748047,186.8000030517578,185.881103515625,186.66000366210938,5947190,0.0,0.0
2024-02-01 15:30:00-05:00,186.64999389648438,186.9499969482422,186.36000061035156,186.88999938964844,6843756,0.0,0.0
2024-02-02 09:30:00-05:00,180.4499969482422,184.1699981689453,180.0500030517578,183.31500244140625,35096943,0.0,0.0
2024-02-02 10:30:00-05:00,183.3300018310547,187.3300018310547,183.16000366210938,187.0,15943080,0.0,0.0
2024-02-02 11:30:00-05:00,187.00999450683594,187.10000610351562,185.8300018310547,187.02090454101562,8987019,0.0,0.0
2024-02-02 12:30:00-05:00,187.02999877929688,187.1199951171875,184.85400390625,186.03500366210938,8500269,0.0,0.0
2024-02-02 13:30:00-05:00,186.0399932861328,186.24000549316406,185.58999633789062,186.0800018310547,5735681,0.0,0.0
2024-02-02 14:30:00-05:00,186.08999633789062,187.07000732421875,186.0800018310547,186.72999572753906,7311261,0.0,0.0
2024-02-02 15:30:00-05:00,186.73500061035156,186.88999938964844,185.8300018310547,185.83999633789062,7701037,0.0,0.0
2024-02-05 09:30:00-05:00,187.125,188.36000061035156,185.83999633789062,186.6999969482422,21074171,0.0,0.0
2024-02-05 10:30:00-05:00,186.6699981689453,187.75999450683594,186.11000061035156,187.25,7579937,0.0,0.0
2024-02-05 11:30:00-05:00,187.25,188.49000549316406,187.2301025390625,188.42999267578125,6730072,0.0,0.0
2024-02-05 12:30:00-05:00,188.42999267578125,189.25,188.4199981689453,188.54010009765625,7252942,0.0,0.0
2024-02-05 13:30:00-05:00,188.54010009765625,189.02000427246094,188.38499450683594,188.46499633789062,4527382,0.0,0.0
2024-02-05 14:30:00-05:00,188.48699951171875,188.83999633789062,188.02999877929688,188.35000610351562,6093208,0.0,0.0
2024-02-05 15:30:00-05:00,188.33999633789062,188.4199981689453,187.63999938964844,187.6699981689453,5767234,0.0,0.0
2024-02-06 09:30:00-05:00,186.86000061035156,188.6300048828125,186.76950073242188,187.92999267578125,11081527,0.0,0.0
2024-02-06 10:30:00-05:00,187.91000366210938,188.86000061035156,187.27000427246094,188.81500244140625,6268747,0.0,0.0
2024-02-06 11:30:00-05:00,188.82000732421875,189.13999938964844,188.41000366210938,188.83999633789062,4757028,0.0,0.0
2024-02-06 12:30:00-05:00,188.83999633789062,189.0,188.42999267578125,188.88999938964844,3663298,0.0,0.0
2024-02-06 13:30:00-05:00,188.89500427246094,188.94000244140625,188.36109924316406,188.44850158691406,2989009,0.0,0.0
2024-02-06 14:30:00-05:00,188.4499969482422,188.6383056640625,188.22999572753906,188.35499572753906,3103015,0.0,0.0
2024-02-06 15:30:00-05:00,188.36000061035156,189.30999755859375,188.1699981689453,189.2899932861328,4836714,0.0,0.0
2024-02-07 09:30:00-05:00,190.63999938964844,191.0500030517578,188.61000061035156,190.37100219726562,13070939,0.0,0.0
2024-02-07 10:30:00-05:00,190.3800048828125,190.39999389648438,188.80599975585938,189.0749969482422,6941625,0.0,0.0
2024-02-07 11:30:00-05:00,189.0749969482422,189.27000427246094,188.80999755859375,188.9949951171875,4142050,0.0,0.0
2024-02-07 12:30:00-05:00,189.0,189.1750030517578,188.64999389648438,189.1199951171875,4225096,0.0,0.0
2024-02-07 13:30:00-05:00,189.1300048828125,189.2949981689453,188.86000061035156,188.97340393066406,3634993,0.0,0.0
2024-02-07 14:30:00-05:00,188.97999572753906,189.41000366210938,188.88999938964844,189.1750030517578,4428203,0.0,0.0
2024-02-07 15:30:00-05:00,189.1750030517578,189.4199981689453,188.93499755859375,189.41000366210938,5356489,0.0,0.0
2024-02-08 09:30:00-05:00,189.38499450683594,189.53500366210938,187.77000427246094,187.79640197753906,9404735,0.0,0.0
2024-02-08 10:30:00-05:00,187.8000030517578,188.22000122070312,187.35000610351562,188.0050048828125,5999088,0.0,0.0
2024-02-08 11:30:00-05:00,187.99070739746094,188.7198944091797,187.93499755859375,188.6999969482422,3704042,0.0,0.0
2024-02-08 12:30:00-05:00,188.70899963378906,188.75,188.0,188.22999572753906,3684608,0.0,0.0
2024-02-08 13:30:00-05:00,188.22999572753906,188.35000610351562,187.99000549316406,188.02000427246094,2950677,0.0,0.0
2024-02-08 14:30:00-05:00,188.01499938964844,188.44500732421875,187.99000549316406,188.33999633789062,3130920,0.0,0.0
2024-02-08 15:30:00-05:00,188.35499572753906,188.4199981689453,188.07000732421875,188.33999633789062,4392367,0.0,0.0
2024-02-09 09:30:00-05:00,188.64999389648438,188.92999267578125,188.0,188.49000549316406,7269191,0.24,0.0
2024-02-09 10:30:00-05:00,188.49000549316406,189.86000061035156,188.39999389648438,189.58580017089844,7262095,0.0,0.0
2024-02-09 11:30:00-05:00,189.58839416503906,189.99000549316406,189.10009765625,189.33999633789062,5933174,0.0,0.0
2024-02-09 12:30:00-05:00,189.3350067138672,189.67999267578125,189.14999389648438,189.4700927734375,3946336,0.0,0.0
2024-02-09 13:30:00-05:00,189.47999572753906,189.52999877929688,188.6999969482422,188.85000610351562,3957939,0.0,0.0
2024-02-09 14:30:00-05:00,188.8406982421875,189.02999877929688,188.56500244140625,188.80999755859375,3908875,0.0,0.0
2024-02-09 15:30:00-05:00,188.80999755859375,188.91000366210938,188.57000732421875,188.82000732421875,4247081,0.0,0.0
2024-02-12 09:30:00-05:00,188.4149932861328,188.6699981689453,187.44000244140625,187.46859741210938,9188512,0.0,0.0
2024-02-12 10:30:00-05:00,187.47000122070312,188.05999755859375,187.38009643554688,187.99000549316406,5040878,0.0,0.0
2024-02-12 11:30:00-05:00,187.99000549316406,188.17999267578125,187.6999969482422,187.86500549316406,3034871,0.0,0.0
2024-02-12 12:30:00-05:00,187.8603057861328,188.3699951171875,187.86019897460938,187.97500610351562,3095209,0.0,0.0
2024-02-12 13:30:00-05:00,187.97500610351562,188.1096954345703,187.41000366210938,187.4499969482422,3735143,0.0,0.0
2024-02-12 14:30:00-05:00,187.44500732421875,187.5,186.7899932861328,187.11000061035156,3698293,0.0,0.0
2024-02-12 15:30:00-05:00,187.10890197753906,187.4499969482422,186.8800048828125,187.17999267578125,4927400,0.0,0.0
2024-02-13 09:30:00-05:00,185.77000427246094,186.2100067138672,184.17999267578125,185.47079467773438,13054284,0.0,0.0
2024-02-13 10:30:00-05:00,185.4799041748047,186.11990356445312,185.36000061035156,185.61000061035156,5752805,0.0,0.0
2024-02-13 11:30:00-05:00,185.59500122070312,185.73939514160156,185.25160217285156,185.47500610351562,3585593,0.0,0.0
2024-02-13 12:30:00-05:00,185.47999572753906,185.77000427246094,185.11000061035156,185.2949981689453,3022354,0.0,0.0
2024-02-13 13:30:00-05:00,185.2899932861328,185.3800048828125,184.19000244140625,184.28500366210938,4531260,0.0,0.0
2024-02-13 14:30:00-05:00,184.27999877929688,184.59500122070312,183.51280212402344,183.7299041748047,5652730,0.0,0.0
2024-02-13 15:30:00-05:00,183.72500610351562,185.1999969482422,183.69000244140625,185.02999877929688,7155981,0.0,0.0
2024-02-14 09:30:00-05:00,185.32000732421875,185.52999877929688,183.4199981689453,183.8000030517578,10773002,0.0,0.0
2024-02-14 10:30:00-05:00,183.80499267578125,183.9600067138672,182.80349731445312,183.49000549316406,7267868,0.0,0.0
2024-02-14 11:30:00-05:00,183.49000549316406,183.60000610351562,182.50999450683594,182.8000030517578,5070640,0.0,0.0
2024-02-14 12:30:00-05:00,182.8000030517578,182.92739868164062,182.44000244140625,182.57000732421875,4266603,0.0,0.0
2024-02-14 13:30:00-05:00,182.5800018310547,183.19000244140625,182.49000549316406,183.14999389648438,4242351,0.0,0.0
2024-02-14 14:30:00-05:00,183.16000366210938,183.55999755859375,182.80999755859375,183.52499389648438,4560865,0.0,0.0
2024-02-14 15:30:00-05:00,183.52999877929688,184.27000427246094,183.42449951171875,184.02000427246094,6170787,0.0,0.0
2024-02-15 09:30:00-05:00,183.5500030517578,184.0894012451172,181.35000610351562,181.8800048828125,15865879,0.0,0.0
2024-02-15 10:30:00-05:00,181.89999389648438,182.1199951171875,181.44000244140625,181.99000549316406,7072846,0.0,0.0
2024-02-15 11:30:00-05:00,182.0,182.24989318847656,181.55999755859375,182.02499389648438,4268275,0.0,0.0
2024-02-15 12:30:00-05:00,182.02999877929688,182.19500732421875,181.6649932861328,182.0500030517578,4337741,0.0,0.0
2024-02-15 13:30:00-05:00,182.0458984375,182.4600067138672,181.86000061035156,181.97889709472656,5128374,0.0,0.0
2024-02-15 14:30:00-05:00,181.97000122070312,182.64999389648438,181.74000549316406,182.38009643554688,5376205,0.0,0.0
2024-02-15 15:30:00-05:00,182.38690185546875,184.49000549316406,182.2100067138672,183.9499969482422,11866107,0.0,0.0
2024-02-16 09:30:00-05:00,183.75,184.85000610351562,181.86000061035156,182.5449981689453,14074668,0.0,0.0
2024-02-16 10:30:00-05:00,182.5500030517578,183.44729614257812,182.4199981689453,183.14999389648438,5935048,0.0,0.0
2024-02-16 11:30:00-05:00,183.15499877929688,183.2899932861328,182.72000122070312,182.94009399414062,3563098,0.0,0.0
2024-02-16 12:30:00-05:00,182.9499969482422,183.00999450683594,182.47999572753906,182.64999389648438,3133873,0.0,0.0
2024-02-16 13:30:00-05:00,182.65699768066406,183.17999267578125,182.48500061035156,183.14300537109375,3501742,0.0,0.0
2024-02-16 14:30:00-05:00,183.1488037109375,183.19749450683594,182.02999877929688,182.25599670410156,4414931,0.0,0.0
2024-02-16 15:30:00-05:00,182.25999450683594,182.30999755859375,181.6649932861328,182.2899932861328,5087964,0.0,0.0
2024-02-20 09:30:00-05:00,182.0,182.42999267578125,180.2449951171875,180.4600067138672,11558221,0.0,0.0
2024-02-20 10:30:00-05:00,180.4600067138672,181.1649932861328,180.0,181.125,6406312,0.0,0.0
2024-02-20 11:30:00-05:00,181.1300048828125,181.3699951171875,180.60000610351562,180.7449951171875,5338226,0.0,0.0
2024-02-20 12:30:00-05:00,180.7449951171875,180.9499969482422,180.44000244140625,180.50999450683594,3708310,0.0,0.0
2024-02-20 13:30:00-05:00,180.5050048828125,180.83999633789062,180.39999389648438,180.69000244140625,3193463,0.0,0.0
2024-02-20 14:30:00-05:00,180.69000244140625,181.4600067138672,180.47000122070312,181.38270568847656,3858975,0.0,0.0
2024-02-20 15:30:00-05:00,181.38999938964844,181.66000366210938,180.86000061035156,181.61000061035156,6301252,0.0,0.0
2024-02-21 09:30:00-05:00,181.60000610351562,182.8887939453125,181.55499267578125,182.55999755859375,9104336,0.0,0.0
2024-02-21 10:30:00-05:00,182.55999755859375,182.64999389648438,182.07000732421875,182.15499877929688,4359759,0.0,0.0
2024-02-21 11:30:00-05:00,182.14999389648438,182.3300018310547,181.36000061035156,181.38999938964844,3729837,0.0,0.0
2024-02-21 12:30:00-05:00,181.38999938964844,181.72500610351562,181.05999755859375,181.4199981689453,3311637,0.0,0.0
2024-02-21 13:30:00-05:00,181.42999267578125,181.52000427246094,180.66000366210938,180.9499969482422,3555971,0.0,0.0
2024-02-21 14:30:00-05:00,180.9499969482422,181.30499267578125,180.76499938964844,181.2050018310547,3885929,0.0,0.0
2024-02-21 15:30:00-05:00,181.2100067138672,182.38999938964844,181.2050018310547,182.3300018310547,4689099,0.0,0.0
2024-02-22 09:30:00-05:00,183.83999633789062,184.0399932861328,182.5240020751953,183.05499267578125,11857133,0.0,0.0
2024-02-22 10:30:00-05:00,183.05999755859375,183.2967987060547,182.4600067138672,183.03500366210938,4961137,0.0,0.0
2024-02-22 11:30:00-05:00,183.0399932861328,183.25999450683594,182.74000549316406,183.05999755859375,3670959,0.0,0.0
2024-02-22 12:30:00-05:00,183.07000732421875,184.11000061035156,183.0,184.0399932861328,4935398,0.0,0.0
2024-02-22 13:30:00-05:00,184.0500030517578,184.9499969482422,183.94000244140625,184.94000244140625,4540628,0.0,0.0
2024-02-22 14:30:00-05:00,184.94000244140625,184.9550018310547,184.38999938964844,184.55999755859375,5171492,0.0,0.0
2024-02-22 15:30:00-05:00,184.56739807128906,184.6199951171875,184.17999267578125,184.3699951171875,7964831,0.0,0.0
2024-02-23 09:30:00-05:00,185.00999450683594,185.0399932861328,183.2949981689453,183.3000030517578,8567439,0.0,0.0
2024-02-23 10:30:00-05:00,183.2949981689453,183.55599975585938,182.63999938964844,183.0590057373047,5717230,0.0,0.0
2024-02-23 11:30:00-05:00,183.05499267578125,183.11500549316406,182.39010620117188,182.55999755859375,4001601,0.0,0.0
2024-02-23 12:30:00-05:00,182.55499267578125,182.9600067138672,182.30999755859375,182.9550018310547,6905673,0.0,0.0
2024-02-23 13:30:00-05:00,182.9550018310547,182.97000122070312,182.4302978515625,182.47000122070312,2955884,0.0,0.0
2024-02-23 14:30:00-05:00,182.47999572753906,182.69500732421875,182.44000244140625,182.5850067138672,4028588,0.0,0.0
2024-02-23 15:30:00-05:00,182.58999633789062,182.82000732421875,182.22999572753906,182.50999450683594,5352894,0.0,0.0
2024-02-26 09:30:00-05:00,182.39999389648438,182.75999450683594,181.14840698242188,181.60220336914062,8939120,0.0,0.0
2024-02-26 10:30:00-05:00,181.61000061035156,181.85000610351562,180.74000549316406,180.94000244140625,5659166,0.0,0.0
2024-02-26 11:30:00-05:00,180.94000244140625,181.25999450683594,180.8350067138672,180.97000122070312,3653300,0.0,0.0
2024-02-26 12:30:00-05:00,180.9730987548828,181.3300018310547,180.64999389648438,180.98500061035156,3721259,0.0,0.0
2024-02-26 13:30:00-05:00,180.99000549316406,181.72999572753906,180.85000610351562,181.71200561523438,3813825,0.0,0.0
2024-02-26 14:30:00-05:00,181.7100067138672,181.77999877929688,181.25999450683594,181.3800048828125,3361670,0.0,0.0
2024-02-26 15:30:00-05:00,181.3800048828125,181.47000122070312,181.0749969482422,181.13999938964844,4001708,0.0,0.0
2024-02-27 09:30:00-05:00,181.25,181.6699981689453,180.3000030517578,181.1699981689453,8245225,0.0,0.0
2024-02-27 10:30:00-05:00,181.16009521484375,181.27000427246094,180.75999450683594,180.86279296875,3681857,0.0,0.0
2024-02-27 11:30:00-05:00,180.86000061035156,181.01010131835938,180.5500030517578,180.69000244140625,2764462,0.0,0.0
2024-02-27 12:30:00-05:00,180.68499755859375,180.7899932861328,180.04010009765625,180.06539916992188,3614103,0.0,0.0
2024-02-27 13:30:00-05:00,180.07000732421875,182.60000610351562,179.55999755859375,182.60000610351562,10154303,0.0,0.0
2024-02-27 14:30:00-05:00,182.597900390625,183.92250061035156,182.17999267578125,182.60499572753906,12441282,0.0,0.0
2024-02-27 15:30:00-05:00,182.60000610351562,182.75,182.27999877929688,182.6300048828125,6563443,0.0,0.0
2024-02-28 09:30:00-05:00,182.50999450683594,183.1199951171875,181.11000061035156,181.16000366210938,11442944,0.0,0.0
2024-02-28 10:30:00-05:00,181.16000366210938,181.76499938964844,180.9600067138672,181.60150146484375,5720266,0.0,0.0
2024-02-28 11:30:00-05:00,181.6199951171875,181.6699981689453,180.60000610351562,180.7010040283203,6240997,0.0,0.0
2024-02-28 12:30:00-05:00,180.70469665527344,180.70469665527344,180.1300048828125,180.60220336914062,5735191,0.0,0.0
2024-02-28 13:30:00-05:00,180.61000061035156,180.92999267578125,180.5301055908203,180.61990356445312,3681788,0.0,0.0
2024-02-28 14:30:00-05:00,180.60499572753906,180.86000061035156,180.35000610351562,180.8350067138672,4490821,0.0,0.0
2024-02-28 15:30:00-05:00,180.8350067138672,181.47000122070312,180.8350067138672,181.4199981689453,5579634,0.0,0.0
2024-02-29 09:30:00-05:00,182.0,182.36000061035156,181.2899932861328,181.6199951171875,12685419,0.0,0.0
2024-02-29 10:30:00-05:00,181.62530517578125,181.7100067138672,180.4199981689453,180.42999267578125,7277897,0.0,0.0
2024-02-29 11:30:00-05:00,180.4250030517578,180.42999267578125,179.52999877929688,179.82000732421875,8149732,0.0,0.0
2024-02-29 12:30:00-05:00,179.82000732421875,180.8000030517578,179.64999389648438,180.3800048828125,7795890,0.0,0.0
2024-02-29 13:30:00-05:00,180.3800048828125,180.49000549316406,179.67999267578125,180.11000061035156,6547702,0.0,0.0
2024-02-29 14:30:00-05:00,180.1199951171875,180.6999969482422,179.86000061035156,180.5850067138672,6246756,0.0,0.0
2024-02-29 15:30:00-05:00,180.5850067138672,181.11000061035156,179.57000732421875,180.77000427246094,13220925,0.0,0.0
2024-03-01 09:30:00-05:00,180.10000610351562,180.43310546875,178.29600524902344,178.30850219726562,11740393,0.0,0.0
2024-03-01 10:30:00-05:00,178.30999755859375,178.47000122070312,177.6699981689453,178.22999572753906,18570130,0.0,0.0
2024-03-01 11:30:00-05:00,178.25,178.25,177.3800048828125,178.0399932861328,8174326,0.0,0.0
2024-03-01 12:30:00-05:00,178.04220581054688,178.8000030517578,177.9499969482422,178.70010375976562,6896281,0.0,0.0
2024-03-01 13:30:00-05:00,178.7050018310547,180.22000122070312,178.55999755859375,180.1999969482422,7669052,0.0,0.0
2024-03-01 14:30:00-05:00,180.1999969482422,180.2050018310547,179.5500030517578,179.67999267578125,6521136,0.0,0.0
2024-03-01 15:30:00-05:00,179.67999267578125,179.8000030517578,179.4149932861328,179.63999938964844,5971790,0.0,0.0
2024-03-04 09:30:00-05:00,175.8000030517578,176.8300018310547,173.92999267578125,174.1699981689453,24053178,0.0,0.0
2024-03-04 10:30:00-05:00,174.19000244140625,175.02000427246094,173.89999389648438,174.81500244140625,0,0.0,0.0
2024-03-04 11:30:00-05:00,174.82000732421875,175.0050048828125,174.00999450683594,174.6269989013672,5211390,0.0,0.0
2024-03-04 12:30:00-05:00,174.6300048828125,174.67999267578125,173.79010009765625,173.90499877929688,4979309,0.0,0.0
2024-03-04 13:30:00-05:00,173.89999389648438,174.5050048828125,173.7949981689453,174.35000610351562,4710827,0.0,0.0
2024-03-04 14:30:00-05:00,174.35629272460938,175.64500427246094,174.35499572753906,175.44000244140625,5373792,0.0,0.0
2024-03-04 15:30:00-05:00,175.44500732421875,175.5,174.9499969482422,175.08999633789062,28556373,0.0,0.0
2024-03-05 09:30:00-05:00,171.0,171.97000122070312,169.89999389648438,169.91000366210938,28565817,0.0,0.0
2024-03-05 10:30:00-05:00,169.9199981689453,170.82000732421875,169.6199951171875,170.61000061035156,11409729,0.0,0.0
2024-03-05 11:30:00-05:00,170.07000732421875,170.89500427246094,169.86000061035156,170.78500366210938,0,0.0,0.0
2024-03-05 12:30:00-05:00,170.78500366210938,170.82870483398438,170.14999389648438,170.47000122070312,4315788,0.0,0.0
2024-03-05 13:30:00-05:00,170.4600067138672,170.4720001220703,169.94000244140625,170.04400634765625,5130323,0.0,0.0
2024-03-05 14:30:00-05:00,170.04989624023438,170.24830627441406,169.7899932861328,169.97999572753906,5324135,0.0,0.0
2024-03-05 15:30:00-05:00,169.99000549316406,170.1999969482422,169.8300018310547,170.1699981689453,32406499,0.0,0.0
2024-03-06 09:30:00-05:00,170.42999267578125,171.07000732421875,168.92999267578125,169.5800018310547,20056778,0.0,0.0
2024-03-06 10:30:00-05:00,169.58999633789062,170.0500030517578,169.27000427246094,169.77999877929688,0,0.0,0.0
2024-03-06 11:30:00-05:00,169.77499389648438,170.3000030517578,169.3350067138672,170.17990112304688,5004145,0.0,0.0
2024-03-06 12:30:00-05:00,170.1750030517578,170.35000610351562,169.91000366210938,169.9915008544922,3526171,0.0,0.0
2024-03-06 13:30:00-05:00,169.9949951171875,170.0449981689453,168.67999267578125,169.10000610351562,4963027,0.0,0.0
2024-03-06 14:30:00-05:00,169.11000061035156,169.24000549316406,168.6999969482422,169.0,4147280,0.0,0.0
2024-03-06 15:30:00-05:00,169.00999450683594,169.39500427246094,168.8699951171875,169.1199951171875,21763131,0.0,0.0
2024-03-07 09:30:00-05:00,169.14999389648438,169.77999877929688,168.49000549316406,168.97000122070312,15511305,0.0,0.0
2024-03-07 10:30:00-05:00,168.97999572753906,169.52999877929688,168.61000061035156,169.27999877929688,8462490,0.0,0.0
2024-03-07 11:30:00-05:00,169.2899932861328,169.60000610351562,168.9199981689453,169.16000366210938,6669342,0.0,0.0
2024-03-07 12:30:00-05:00,169.1699981689453,169.64999389648438,168.99000549316406,169.625,5894598,0.0,0.0
2024-03-07 13:30:00-05:00,169.6300048828125,170.72999572753906,169.5500030517578,170.10000610351562,9957544,0.0,0.0
2024-03-07 14:30:00-05:00,170.08999633789062,170.44000244140625,169.60049438476562,169.610107421875,6424710,0.0,0.0
2024-03-07 15:30:00-05:00,169.61500549316406,169.66000366210938,168.89999389648438,168.97999572753906,7405147,0.0,0.0
2024-03-08 09:30:00-05:00,169.0,171.8489990234375,168.94000244140625,171.77999877929688,16160343,0.0,0.0
2024-03-08 10:30:00-05:00,171.77999877929688,172.0500030517578,171.02000427246094,171.6199951171875,9142498,0.0,0.0
2024-03-08 11:30:00-05:00,171.6199951171875,172.77000427246094,170.92999267578125,172.71499633789062,10400918,0.0,0.0
2024-03-08 12:30:00-05:00,172.72000122070312,172.7899932861328,171.7100067138672,172.22999572753906,6861688,0.0,0.0
2024-03-08 13:30:00-05:00,172.23500061035156,173.5,172.08999633789062,173.47000122070312,7762851,0.0,0.0
2024-03-08 14:30:00-05:00,173.47000122070312,173.6999969482422,171.34500122070312,171.39999389648438,8844545,0.0,0.0
2024-03-08 15:30:00-05:00,171.41000366210938,171.73280334472656,170.72000122070312,170.74000549316406,8836925,0.0,0.0
2024-03-11 09:30:00-04:00,173.25,174.25,172.8300018310547,173.35000610351562,17506196,0.0,0.0
2024-03-11 10:30:00-04:00,173.34890747070312,173.63999938964844,172.2899932861328,172.673095703125,7509998,0.0,0.0
2024-03-11 11:30:00-04:00,172.67799377441406,173.32960510253906,172.5399932861328,172.82000732421875,5417242,0.0,0.0
2024-03-11 12:30:00-04:00,172.8249969482422,172.97999572753906,172.0500030517578,172.38999938964844,3959687,0.0,0.0
2024-03-11 13:30:00-04:00,172.38499450683594,173.4199981689453,172.22000122070312,172.625,5585359,0.0,0.0
2024-03-11 14:30:00-04:00,172.6300048828125,172.94000244140625,172.43499755859375,172.6999969482422,4048971,0.0,0.0
2024-03-11 15:30:00-04:00,172.7100067138672,173.0699005126953,172.4499969482422,172.7899932861328,5939837,0.0,0.0
2024-03-12 09:30:00-04:00,173.14999389648438,173.47000122070312,171.00999450683594,172.63499450683594,13927121,0.0,0.0
2024-03-12 10:30:00-04:00,172.63999938964844,172.91000366210938,172.32009887695312,172.67990112304688,6625420,0.0,0.0
2024-03-12 11:30:00-04:00,172.6750030517578,173.10000610351562,172.21499633789062,172.52000427246094,5867479,0.0,0.0
2024-03-12 12:30:00-04:00,172.52999877929688,173.25999450683594,171.94000244140625,173.0399932861328,6672048,0.0,0.0
2024-03-12 13:30:00-04:00,173.0449981689453,173.83999633789062,173.00999450683594,173.79989624023438,5308038,0.0,0.0
2024-03-12 14:30:00-04:00,173.7949981689453,174.00999450683594,173.35000610351562,173.84500122070312,5389586,0.0,0.0
2024-03-12 15:30:00-04:00,173.85499572753906,174.02999877929688,173.14999389648438,173.22000122070312,6368886,0.0,0.0
2024-03-13 09:30:00-04:00,172.77000427246094,173.18499755859375,170.75999450683594,170.98500061035156,11960722,0.0,0.0
2024-03-13 10:30:00-04:00,170.98500061035156,171.35000610351562,170.86500549316406,170.9949951171875,6130049,0.0,0.0
2024-03-13 11:30:00-04:00,171.0,171.17999267578125,170.8527069091797,171.05999755859375,4316300,0.0,0.0
2024-03-13 12:30:00-04:00,171.07000732421875,171.4600067138672,170.94000244140625,171.43499755859375,5621506,0.0,0.0
2024-03-13 13:30:00-04:00,171.42999267578125,171.75999450683594,171.16000366210938,171.5800018310547,3845695,0.0,0.0
2024-03-13 14:30:00-04:00,171.5800018310547,171.8000030517578,171.02999877929688,171.27999877929688,4228485,0.0,0.0
2024-03-13 15:30:00-04:00,171.27999877929688,171.7050018310547,171.0399932861328,171.1699981689453,5993931,0.0,0.0
2024-03-14 09:30:00-04:00,172.32000732421875,173.8249969482422,172.0500030517578,173.6649932861328,14937836,0.0,0.0
2024-03-14 10:30:00-04:00,173.6699981689453,174.30780029296875,173.3000030517578,173.33999633789062,8727021,0.0,0.0
2024-03-14 11:30:00-04:00,173.34500122070312,173.49000549316406,172.39999389648438,172.6699981689453,6752491,0.0,0.0
2024-03-14 12:30:00-04:00,172.67999267578125,173.36920166015625,172.24000549316406,172.96299743652344,9628933,0.0,0.0
2024-03-14 13:30:00-04:00,172.96890258789062,174.0,172.89999389648438,173.8249969482422,7128040,0.0,0.0
2024-03-14 14:30:00-04:00,173.8300018310547,173.83999633789062,172.22000122070312,172.66000366210938,6609776,0.0,0.0
2024-03-14 15:30:00-04:00,172.66000366210938,173.28250122070312,172.5032958984375,173.0800018310547,7750362,0.0,0.0
2024-03-15 09:30:00-04:00,171.0,172.47000122070312,170.56399536132812,170.610107421875,21995996,0.0,0.0
2024-03-15 10:30:00-04:00,170.61810302734375,171.1699981689453,170.2899932861328,170.9550018310547,5599492,0.0,0.0
2024-03-15 11:30:00-04:00,170.9550018310547,171.47999572753906,170.73199462890625,171.31500244140625,3771263,0.0,0.0
2024-03-15 12:30:00-04:00,171.31500244140625,171.51499938964844,170.60000610351562,170.69500732421875,3721006,0.0,0.0
2024-03-15 13:30:00-04:00,170.6999969482422,171.25,170.52499389648438,171.21499633789062,3679425,0.0,0.0
2024-03-15 14:30:00-04:00,171.21499633789062,171.99000549316406,171.08990478515625,171.86500549316406,4328832,0.0,0.0
2024-03-15 15:30:00-04:00,171.8560028076172,172.60000610351562,171.47799682617188,172.57000732421875,6260589,0.0,0.0
2024-03-18 09:30:00-04:00,175.60000610351562,177.5800018310547,174.89059448242188,177.35000610351562,22893626,0.0,0.0
2024-03-18 10:30:00-04:00,177.3699951171875,177.7100067138672,176.55999755859375,176.82000732421875,8667055,0.0,0.0
2024-03-18 11:30:00-04:00,176.82000732421875,176.90499877929688,175.1999969482422,175.25830078125,7068789,0.0,0.0
2024-03-18 12:30:00-04:00,175.2550048828125,175.6199951171875,174.75,175.39500427246094,5477904,0.0,0.0
2024-03-18 13:30:00-04:00,175.39999389648438,175.5399932861328,174.99000549316406,175.5301055908203,4053801,0.0,0.0
2024-03-18 14:30:00-04:00,175.53599548339844,175.5399932861328,174.82000732421875,175.06500244140625,5777258,0.0,0.0
2024-03-18 15:30:00-04:00,175.07000732421875,175.1750030517578,173.52000427246094,173.6999969482422,7286587,0.0,0.0
2024-03-19 09:30:00-04:00,174.08999633789062,175.0399932861328,173.02999877929688,174.7050018310547,11721089,0.0,0.0
2024-03-19 10:30:00-04:00,174.6999969482422,175.3699951171875,174.55999755859375,174.83999633789062,6172012,0.0,0.0
2024-03-19 11:30:00-04:00,174.83999633789062,175.41000366210938,174.83999633789062,175.30999755859375,4206842,0.0,0.0
2024-03-19 12:30:00-04:00,175.31500244140625,175.85000610351562,175.17129516601562,175.64500427246094,4140302,0.0,0.0
2024-03-19 13:30:00-04:00,175.64999389648438,176.43499755859375,175.63999938964844,176.4250030517578,5001221,0.0,0.0
2024-03-19 14:30:00-04:00,176.4217071533203,176.60499572753906,176.0,176.3300018310547,5274655,0.0,0.0
2024-03-19 15:30:00-04:00,176.3350067138672,176.5399932861328,175.7899932861328,176.0800018310547,6908180,0.0,0.0
2024-03-20 09:30:00-04:00,175.72999572753906,176.1699981689453,175.08999633789062,176.16050720214844,8587629,0.0,0.0
2024-03-20 10:30:00-04:00,176.1649932861328,176.3800048828125,175.72000122070312,176.05990600585938,4488283,0.0,0.0
2024-03-20 11:30:00-04:00,176.05929565429688,176.50999450683594,175.94500732421875,176.38009643554688,3092842,0.0,0.0
2024-03-20 12:30:00-04:00,176.3800048828125,176.77499389648438,176.30999755859375,176.3249969482422,3578644,0.0,0.0
2024-03-20 13:30:00-04:00,176.30999755859375,177.38999938964844,176.27999877929688,177.00750732421875,6092320,0.0,0.0
2024-03-20 14:30:00-04:00,177.00999450683594,178.42999267578125,176.72000122070312,178.21499633789062,9778064,0.0,0.0
2024-03-20 15:30:00-04:00,178.2100067138672,178.6699981689453,177.94500732421875,178.66000366210938,7696922,0.0,0.0
2024-03-21 09:30:00-04:00,177.0,177.49000549316406,175.00999450683594,175.0218048095703,15825386,0.0,0.0
2024-03-21 10:30:00-04:00,175.02999877929688,175.05999755859375,171.8300018310547,172.82130432128906,27939112,0.0,0.0
2024-03-21 11:30:00-04:00,172.82000732421875,173.23500061035156,171.86000061035156,172.56500244140625,13930077,0.0,0.0
2024-03-21 12:30:00-04:00,172.57000732421875,172.60000610351562,171.9499969482422,172.10830688476562,7139429,0.0,0.0
2024-03-21 13:30:00-04:00,172.10009765625,172.1300048828125,170.91000366210938,171.0749969482422,10317094,0.0,0.0
2024-03-21 14:30:00-04:00,171.0800018310547,171.3300018310547,170.85000610351562,171.25,9119635,0.0,0.0
2024-03-21 15:30:00-04:00,171.24000549316406,171.57000732421875,170.83999633789062,171.39999389648438,9723209,0.0,0.0
2024-03-22 09:30:00-04:00,171.86000061035156,172.32000732421875,170.05999755859375,171.78570556640625,22009712,0.0,0.0
2024-03-22 10:30:00-04:00,171.7949981689453,172.55999755859375,171.58999633789062,172.25999450683594,9035728,0.0,0.0
2024-03-22 11:30:00-04:00,172.27000427246094,172.88999938964844,172.07000732421875,172.36500549316406,5763015,0.0,0.0
2024-03-22 12:30:00-04:00,172.3699951171875,172.94000244140625,172.08999633789062,172.61399841308594,5023927,0.0,0.0
2024-03-22 13:30:00-04:00,172.6199951171875,172.67999267578125,172.36000061035156,172.625,4107617,0.0,0.0
2024-03-22 14:30:00-04:00,172.62759399414062,172.99000549316406,172.6199951171875,172.9868927001953,5786041,0.0,0.0
2024-03-22 15:30:00-04:00,172.98159790039062,173.0500030517578,172.24000549316406,172.25,7983892,0.0,0.0
2024-03-25 09:30:00-04:00,170.52999877929688,170.69000244140625,169.4499969482422,170.0399932861328,13738571,0.0,0.0
2024-03-25 10:30:00-04:00,170.0399932861328,170.72999572753906,169.97000122070312,170.1199951171875,6645377,0.0,0.0
2024-03-25 11:30:00-04:00,170.1199951171875,170.82000732421875,170.09500122070312,170.73789978027344,4597520,0.0,0.0
2024-03-25 12:30:00-04:00,170.73500061035156,171.47000122070312,170.64500427246094,171.36500549316406,4742467,0.0,0.0
2024-03-25 13:30:00-04:00,171.36000061035156,171.6096954345703,171.15499877929688,171.3300018310547,3830333,0.0,0.0
2024-03-25 14:30:00-04:00,171.3249969482422,171.6300048828125,171.23500061035156,171.55799865722656,3617953,0.0,0.0
2024-03-25 15:30:00-04:00,171.55999755859375,171.94000244140625,170.7899932861328,170.86000061035156,6913173,0.0,0.0
2024-03-26 09:30:00-04:00,170.0,171.068603515625,169.64999389648438,170.72000122070312,12465952,0.0,0.0
2024-03-26 10:30:00-04:00,170.72000122070312,170.88999938964844,170.36000061035156,170.6510009765625,5336353,0.0,0.0
2024-03-26 11:30:00-04:00,170.65499877929688,171.25,170.4949951171875,171.2346954345703,5311150,0.0,0.0
2024-03-26 12:30:00-04:00,171.23109436035156,171.4199981689453,170.6750030517578,170.82000732421875,4667926,0.0,0.0
2024-03-26 13:30:00-04:00,170.82400512695312,170.88999938964844,170.16000366210938,170.52000427246094,4370611,0.0,0.0
2024-03-26 14:30:00-04:00,170.5124969482422,170.68499755859375,170.3300018310547,170.5399932861328,4054402,0.0,0.0
2024-03-26 15:30:00-04:00,170.5399932861328,170.5500030517578,169.60000610351562,169.81500244140625,9108998,0.0,0.0
2024-03-27 09:30:00-04:00,170.4199981689453,173.11000061035156,170.11000061035156,172.0449981689453,16062624,0.0,0.0
2024-03-27 10:30:00-04:00,172.0399932861328,172.75999450683594,171.94009399414062,172.4550018310547,5913439,0.0,0.0
2024-03-27 11:30:00-04:00,172.4600067138672,172.6999969482422,171.86000061035156,172.0467987060547,4655107,0.0,0.0
2024-03-27 12:30:00-04:00,172.0500030517578,172.38999938964844,172.0,172.25999450683594,3604513,0.0,0.0
2024-03-27 13:30:00-04:00,172.27000427246094,172.82000732421875,172.13999938964844,172.75,3957014,0.0,0.0
2024-03-27 14:30:00-04:00,172.7550048828125,173.10000610351562,172.42630004882812,172.99000549316406,5418271,0.0,0.0
2024-03-27 15:30:00-04:00,173.0,173.60000610351562,172.8800048828125,173.41000366210938,8611965,0.0,0.0
2024-03-28 09:30:00-04:00,171.6999969482422,171.93499755859375,170.72000122070312,171.19500732421875,14682071,0.0,0.0
2024-03-28 10:30:00-04:00,171.1999969482422,171.2100067138672,170.50999450683594,170.8350067138672,7903177,0.0,0.0
2024-03-28 11:30:00-04:00,170.83999633789062,171.1999969482422,170.72999572753906,171.16920471191406,5070981,0.0,0.0
2024-03-28 12:30:00-04:00,171.1699981689453,171.3699951171875,170.9499969482422,170.96499633789062,4292029,0.0,0.0
2024-03-28 13:30:00-04:00,170.9600067138672,171.810302734375,170.88999938964844,171.7801055908203,4247361,0.0,0.0
2024-03-28 14:30:00-04:00,171.7899932861328,172.22999572753906,171.61000061035156,172.139892578125,4699109,0.0,0.0
2024-03-28 15:30:00-04:00,172.13999938964844,172.22999572753906,171.25999450683594,171.52000427246094,6848121,0.0,0.0
2024-04-01 09:30:00-04:00,171.1875,171.22000122070312,169.8350067138672,170.08990478515625,12016910,0.0,0.0
2024-04-01 10:30:00-04:00,170.08900451660156,170.16000366210938,169.47999572753906,169.84500122070312,5566284,0.0,0.0
2024-04-01 11:30:00-04:00,169.83999633789062,170.0800018310547,169.5850067138672,169.89500427246094,4325649,0.0,0.0
2024-04-01 12:30:00-04:00,169.89500427246094,170.02000427246094,169.75999450683594,169.9156951904297,2857559,0.0,0.0
2024-04-01 13:30:00-04:00,169.9199981689453,170.08999633789062,169.8800048828125,169.9949951171875,2605346,0.0,0.0
2024-04-01 14:30:00-04:00,169.99000549316406,170.24000549316406,169.85000610351562,169.93499755859375,3725960,0.0,0.0
2024-04-01 15:30:00-04:00,169.93499755859375,170.13999938964844,169.8699951171875,170.00999450683594,5786677,0.0,0.0
2024-04-02 09:30:00-04:00,169.05999755859375,169.33999633789062,168.23019409179688,169.0399932861328,11163207,0.0,0.0
2024-04-02 10:30:00-04:00,169.03500366210938,169.19500732421875,168.52999877929688,168.8321990966797,4826587,0.0,0.0
2024-04-02 11:30:00-04:00,168.8350067138672,169.1479949951172,168.3699951171875,168.6649932861328,4166243,0.0,0.0
2024-04-02 12:30:00-04:00,168.67999267578125,169.08999633789062,168.63999938964844,168.9949951171875,3340894,0.0,0.0
2024-04-02 13:30:00-04:00,169.0,169.10499572753906,168.86000061035156,168.9199981689453,3451310,0.0,0.0
2024-04-02 14:30:00-04:00,168.9199981689453,169.07000732421875,168.72999572753906,168.97500610351562,3699021,0.0,0.0
2024-04-02 15:30:00-04:00,168.99000549316406,169.2200927734375,168.77000427246094,168.94000244140625,6380958,0.0,0.0
2024-04-03 09:30:00-04:00,168.75,170.0800018310547,168.58999633789062,170.0366973876953,8758184,0.0,0.0
2024-04-03 10:30:00-04:00,170.02499389648438,170.67999267578125,169.97999572753906,170.52000427246094,6176025,0.0,0.0
2024-04-03 11:30:00-04:00,170.52000427246094,170.6750030517578,170.1999969482422,170.32000732421875,3684320,0.0,0.0
2024-04-03 12:30:00-04:00,170.30999755859375,170.44000244140625,169.75,170.2050018310547,3812096,0.0,0.0
2024-04-03 13:30:00-04:00,170.2100067138672,170.38999938964844,170.12010192871094,170.19700622558594,3156608,0.0,0.0
2024-04-03 14:30:00-04:00,170.1999969482422,170.60000610351562,169.27999877929688,169.52499389648438,6323307,0.0,0.0
2024-04-03 15:30:00-04:00,169.52999877929688,170.14999389648438,169.3800048828125,169.66000366210938,6602092,0.0,0.0
2024-04-04 09:30:00-04:00,170.2899932861328,171.19000244140625,170.0399932861328,171.00999450683594,9047827,0.0,0.0
2024-04-04 10:30:00-04:00,171.01499938964844,171.27999877929688,170.7100067138672,171.27000427246094,4545243,0.0,0.0
2024-04-04 11:30:00-04:00,171.27999877929688,171.9199981689453,171.27499389648438,171.72030639648438,4325890,0.0,0.0
2024-04-04 12:30:00-04:00,171.72999572753906,171.86990356445312,171.3350067138672,171.5399932861328,3395662,0.0,0.0
2024-04-04 13:30:00-04:00,171.5467987060547,171.61000061035156,169.6999969482422,169.75,6544667,0.0,0.0
2024-04-04 14:30:00-04:00,169.74000549316406,170.10000610351562,169.02000427246094,169.04100036621094,8346418,0.0,0.0
2024-04-04 15:30:00-04:00,169.0399932861328,169.74000549316406,168.8300018310547,168.88999938964844,8099922,0.0,0.0
2024-04-05 09:30:00-04:00,169.5,169.91000366210938,168.9499969482422,169.22000122070312,9721473,0.0,0.0
2024-04-05 10:30:00-04:00,169.22999572753906,169.82000732421875,169.08999633789062,169.46499633789062,4890929,0.0,0.0
2024-04-05 11:30:00-04:00,169.46499633789062,170.3800048828125,169.38900756835938,170.1699981689453,4669016,0.0,0.0
2024-04-05 12:30:00-04:00,170.1699981689453,170.375,169.77999877929688,170.07400512695312,3488779,0.0,0.0
2024-04-05 13:30:00-04:00,170.08999633789062,170.1699981689453,169.35000610351562,169.50030517578125,3347777,0.0,0.0
2024-04-05 14:30:00-04:00,169.50999450683594,169.9199981689453,169.36000061035156,169.88999938964844,4067851,0.0,0.0
2024-04-05 15:30:00-04:00,169.88999938964844,169.97999572753906,169.5,169.57000732421875,4423994,0.0,0.0
2024-04-08 09:30:00-04:00,169.05999755859375,169.19000244140625,168.24000549316406,168.82000732421875,8279940,0.0,0.0
2024-04-08 10:30:00-04:00,168.8249969482422,169.1300048828125,168.64999389648438,168.81500244140625,4718366,0.0,0.0
2024-04-08 11:30:00-04:00,168.81500244140625,168.81500244140625,168.26499938964844,168.4123992919922,4134102,0.0,0.0
2024-04-08 12:30:00-04:00,168.4149932861328,168.8350067138672,168.40499877929688,168.64500427246094,2982857,0.0,0.0
2024-04-08 13:30:00-04:00,168.64500427246094,168.89999389648438,168.47000122070312,168.79010009765625,2336490,0.0,0.0
2024-04-08 14:30:00-04:00,168.7949981689453,168.79989624023438,168.5449981689453,168.78500366210938,2798561,0.0,0.0
2024-04-08 15:30:00-04:00,168.78500366210938,168.9600067138672,168.3249969482422,168.4600067138672,4991117,0.0,0.0
2024-04-09 09:30:00-04:00,168.69200134277344,170.0749969482422,168.5,169.47000122070312,9892473,0.0,0.0
2024-04-09 10:30:00-04:00,169.47500610351562,169.49000549316406,168.47999572753906,168.69500732421875,5975622,0.0,0.0
2024-04-09 11:30:00-04:00,168.6999969482422,169.16000366210938,168.69000244140625,169.07000732421875,3680884,0.0,0.0
2024-04-09 12:30:00-04:00,169.07000732421875,169.55999755859375,168.89999389648438,169.25999450683594,3462971,0.0,0.0
2024-04-09 13:30:00-04:00,169.27000427246094,169.5,168.5,168.5850067138672,4167688,0.0,0.0
2024-04-09 14:30:00-04:00,168.5800018310547,169.25999450683594,168.35000610351562,169.25250244140625,4206061,0.0,0.0
2024-04-09 15:30:00-04:00,169.25999450683594,169.72999572753906,168.94000244140625,169.69000244140625,5472554,0.0,0.0
2024-04-10 09:30:00-04:00,168.83999633789062,169.08999633789062,167.11000061035156,168.02999877929688,14120359,0.0,0.0
2024-04-10 10:30:00-04:00,168.04400634765625,168.6999969482422,167.61000061035156,167.9149932861328,5526659,0.0,0.0
2024-04-10 11:30:00-04:00,167.94000244140625,168.11000061035156,167.5399932861328,168.01499938964844,4681455,0.0,0.0
2024-04-10 12:30:00-04:00,168.03700256347656,168.60000610351562,167.67999267578125,168.13499450683594,4311563,0.0,0.0
2024-04-10 13:30:00-04:00,168.12100219726562,168.5800018310547,167.6300048828125,167.75999450683594,4513653,0.0,0.0
2024-04-10 14:30:00-04:00,167.76499938964844,169.6699981689453,167.69000244140625,168.25999450683594,4221664,0.0,0.0
2024-04-10 15:30:00-04:00,168.25999450683594,168.68499755859375,167.6999969482422,167.75,5084905,0.0,0.0
2024-04-11 09:30:00-04:00,168.25,169.1699981689453,168.16009521484375,168.72000122070312,9488061,0.0,0.0
2024-04-11 10:30:00-04:00,168.72999572753906,169.4199981689453,168.57000732421875,169.0,7020839,0.0,0.0
2024-04-11 11:30:00-04:00,169.0010986328125,170.2899932861328,169.0,169.91000366210938,5616006,0.0,0.0
2024-04-11 12:30:00-04:00,169.9199981689453,172.19000244140625,169.83999633789062,172.10499572753906,9777671,0.0,0.0
2024-04-11 13:30:00-04:00,172.11000061035156,174.47999572753906,171.96009826660156,174.17999267578125,15507718,0.0,0.0
2024-04-11 14:30:00-04:00,174.17999267578125,174.86000061035156,173.5500030517578,174.73989868164062,15407602,0.0,0.0
2024-04-11 15:30:00-04:00,174.74000549316406,175.4600067138672,174.6199951171875,175.0399932861328,15008834,0.0,0.0
2024-04-12 09:30:00-04:00,174.28500366210938,178.36000061035156,174.2100067138672,176.75,35055623,0.0,0.0
2024-04-12 10:30:00-04:00,176.74249267578125,176.80999755859375,175.32000732421875,176.25430297851562,12592011,0.0,0.0
2024-04-12 11:30:00-04:00,176.25999450683594,176.99000549316406,175.56500244140625,175.58999633789062,8240618,0.0,0.0
2024-04-12 12:30:00-04:00,175.59500122070312,175.66000366210938,174.8000030517578,175.35000610351562,8466020,0.0,0.0
2024-04-12 13:30:00-04:00,175.33999633789062,176.0,175.23500061035156,175.97000122070312,6848567,0.0,0.0
2024-04-12 14:30:00-04:00,175.97000122070312,176.25999450683594,175.6300048828125,176.0175018310547,8125126,0.0,0.0
2024-04-12 15:30:00-04:00,176.01499938964844,176.74000549316406,175.9550018310547,176.56500244140625,10614487,0.0,0.0
2024-04-15 09:30:00-04:00,175.3800048828125,175.9799041748047,173.85000610351562,174.8800048828125,16099072,0.0,0.0
2024-04-15 10:30:00-04:00,174.8800048828125,176.6300048828125,174.55999755859375,175.41000366210938,9497153,0.0,0.0
2024-04-15 11:30:00-04:00,175.39999389648438,176.14999389648438,174.9600067138672,175.10000610351562,5334563,0.0,0.0
2024-04-15 12:30:00-04:00,175.09500122070312,175.57000732421875,174.51010131835938,174.52000427246094,6093345,0.0,0.0
2024-04-15 13:30:00-04:00,174.50999450683594,174.61000061035156,172.5,173.1300048828125,9423818,0.0,0.0
2024-04-15 14:30:00-04:00,173.1199951171875,173.75999450683594,172.8000030517578,172.92999267578125,6849808,0.0,0.0
2024-04-15 15:30:00-04:00,172.92999267578125,173.61000061035156,172.66000366210938,172.68499755859375,6819556,0.0,0.0
2024-04-16 09:30:00-04:00,171.7100067138672,173.7550048828125,171.1820068359375,171.22000122070312,14947039,0.0,0.0
2024-04-16 10:30:00-04:00,171.1999969482422,171.4499969482422,169.02000427246094,169.44500732421875,13407042,0.0,0.0
2024-04-16 11:30:00-04:00,169.4499969482422,169.85000610351562,168.27000427246094,169.4149932861328,11289116,0.0,0.0
2024-04-16 12:30:00-04:00,169.41000366210938,169.72999572753906,168.92999267578125,169.38999938964844,5079739,0.0,0.0
2024-04-16 13:30:00-04:00,169.39999389648438,170.39999389648438,168.39999389648438,168.9250030517578,8396515,0.0,0.0
2024-04-16 14:30:00-04:00,168.9250030517578,170.0800018310547,168.8800048828125,169.9949951171875,5187348,0.0,0.0
2024-04-16 15:30:00-04:00,169.99000549316406,170.01499938964844,169.27999877929688,169.33790588378906,5938491,0.0,0.0
2024-04-17 09:30:00-04:00,169.5800018310547,170.63999938964844,169.3101043701172,170.4550018310547,10358959,0.0,0.0
2024-04-17 10:30:00-04:00,170.4499969482422,170.47500610351562,169.2100067138672,169.2100067138672,7818704,0.0,0.0
2024-04-17 11:30:00-04:00,169.22000122070312,169.36000061035156,168.60000610351562,168.6999969482422,5853359,0.0,0.0
2024-04-17 12:30:00-04:00,168.6999969482422,168.97000122070312,168.07000732421875,168.82000732421875,4690283,0.0,0.0
2024-04-17 13:30:00-04:00,168.8300018310547,169.0,168.50999450683594,168.61000061035156,4907946,0.0,0.0
2024-04-17 14:30:00-04:00,168.6199951171875,169.17999267578125,168.02000427246094,168.08999633789062,4554925,0.0,0.0
2024-04-17 15:30:00-04:00,168.08999633789062,168.5449981689453,168.0,168.0,5025607,0.0,0.0
2024-04-18 09:30:00-04:00,168.0,168.63999938964844,167.3300018310547,168.03990173339844,9532841,0.0,0.0
2024-04-18 10:30:00-04:00,168.0399932861328,168.27999877929688,167.86000061035156,167.99000549316406,4639772,0.0,0.0
2024-04-18 11:30:00-04:00,168.0,168.01499938964844,167.39999389648438,167.56500244140625,3556423,0.0,0.0
2024-04-18 12:30:00-04:00,167.56500244140625,167.6999969482422,166.6300048828125,166.9799041748047,5691557,0.0,0.0
2024-04-18 13:30:00-04:00,166.99000549316406,167.11000061035156,166.5500030517578,166.85989379882812,4043124,0.0,0.0
2024-04-18 14:30:00-04:00,166.8800048828125,167.25,166.63999938964844,167.10000610351562,3707430,0.0,0.0
2024-04-18 15:30:00-04:00,167.10000610351562,167.37429809570312,166.77499389648438,167.0399932861328,4286307,0.0,0.0
2024-04-19 09:30:00-04:00,166.1199951171875,166.39999389648438,164.82000732421875,165.27000427246094,16054092,0.0,0.0
2024-04-19 10:30:00-04:00,165.25999450683594,165.66000366210938,164.875,164.98500061035156,6502988,0.0,0.0
2024-04-19 11:30:00-04:00,164.97999572753906,165.16000366210938,164.0800018310547,164.36239624023438,6573825,0.0,0.0
2024-04-19 12:30:00-04:00,164.3699951171875,165.3000030517578,164.17999267578125,164.9199981689453,6201635,0.0,0.0
2024-04-19 13:30:00-04:00,164.89999389648438,165.6699981689453,164.89999389648438,165.0399932861328,5158159,0.0,0.0
2024-04-19 14:30:00-04:00,165.02000427246094,165.24000549316406,164.52000427246094,165.1649932861328,6320854,0.0,0.0
2024-04-19 15:30:00-04:00,165.16000366210938,165.1999969482422,164.7949981689453,164.92999267578125,7970297,0.0,0.0
2024-04-22 09:30:00-04:00,165.75,166.22999572753906,165.22999572753906,165.3699951171875,9753629,0.0,0.0
2024-04-22 10:30:00-04:00,165.3699951171875,165.5399932861328,164.77000427246094,165.39500427246094,4939703,0.0,0.0
2024-04-22 11:30:00-04:00,165.39999389648438,165.8699951171875,165.3748016357422,165.6199951171875,4178724,0.0,0.0
2024-04-22 12:30:00-04:00,165.61419677734375,166.28500366210938,165.43499755859375,166.27499389648438,3510757,0.0,0.0
2024-04-22 13:30:00-04:00,166.27000427246094,167.25999450683594,166.27000427246094,166.85499572753906,5021219,0.0,0.0
2024-04-22 14:30:00-04:00,166.86000061035156,167.0500030517578,166.2550048828125,166.66000366210938,6192002,0.0,0.0
2024-04-22 15:30:00-04:00,166.66000366210938,166.73989868164062,165.63999938964844,165.83999633789062,5290621,0.0,0.0
2024-04-23 09:30:00-04:00,165.25999450683594,166.7100067138672,164.92999267578125,165.82000732421875,10992740,0.0,0.0
2024-04-23 10:30:00-04:00,165.82000732421875,166.97999572753906,165.82000732421875,166.625,6119113,0.0,0.0
2024-04-23 11:30:00-04:00,166.6199951171875,166.6999969482422,166.05740356445312,166.27000427246094,3828132,0.0,0.0
2024-04-23 12:30:00-04:00,166.27000427246094,166.63999938964844,166.1717071533203,166.39199829101562,4067219,0.0,0.0
2024-04-23 13:30:00-04:00,166.39999389648438,166.86000061035156,166.3249969482422,166.83999633789062,2849527,0.0,0.0
2024-04-23 14:30:00-04:00,166.83999633789062,166.86990356445312,166.5,166.85000610351562,3658150,0.0,0.0
2024-04-23 15:30:00-04:00,166.83999633789062,167.0500030517578,166.7550048828125,166.91000366210938,5719471,0.0,0.0
2024-04-24 09:30:00-04:00,166.39999389648438,168.3000030517578,166.2100067138672,167.9949951171875,9855592,0.0,0.0
2024-04-24 10:30:00-04:00,167.9949951171875,168.27999877929688,167.52000427246094,167.9199981689453,5213388,0.0,0.0
2024-04-24 11:30:00-04:00,167.9250030517578,169.27499389648438,167.91000366210938,168.72500610351562,6588577,0.0,0.0
2024-04-24 12:30:00-04:00,168.72500610351562,168.85000610351562,168.11000061035156,168.46170043945312,3760303,0.0,0.0
2024-04-24 13:30:00-04:00,168.47000122070312,169.2899932861328,168.4600067138672,168.75,3891894,0.0,0.0
2024-04-24 14:30:00-04:00,168.75,169.08990478515625,168.27999877929688,169.05499267578125,3796420,0.0,0.0
2024-04-24 15:30:00-04:00,169.05409240722656,169.3000030517578,168.6699981689453,168.9499969482422,5580723,0.0,0.0
2024-04-25 09:30:00-04:00,169.60000610351562,170.61000061035156,168.47000122070312,168.91749572753906,13123892,0.0,0.0
2024-04-25 10:30:00-04:00,168.89999389648438,169.08560180664062,168.4499969482422,168.5677947998047,4953755,0.0,0.0
2024-04-25 11:30:00-04:00,168.56500244140625,169.1999969482422,168.15109252929688,169.19000244140625,4246795,0.0,0.0
2024-04-25 12:30:00-04:00,169.18760681152344,169.53829956054688,168.9199981689453,169.05999755859375,3597812,0.0,0.0
2024-04-25 13:30:00-04:00,169.05499267578125,169.74989318847656,168.86000061035156,169.1300048828125,4047077,0.0,0.0
2024-04-25 14:30:00-04:00,169.11000061035156,170.03500366210938,168.96009826660156,169.93499755859375,5505667,0.0,0.0
2024-04-25 15:30:00-04:00,169.92999267578125,170.00999450683594,169.41000366210938,169.89999389648438,6221758,0.0,0.0
2024-04-26 09:30:00-04:00,169.8699951171875,171.05999755859375,169.5399932861328,170.66000366210938,9247096,0.0,0.0
2024-04-26 10:30:00-04:00,170.66000366210938,171.33999633789062,170.41000366210938,170.69000244140625,5410597,0.0,0.0
2024-04-26 11:30:00-04:00,170.68499755859375,170.9199981689453,170.2100067138672,170.2449951171875,3910867,0.0,0.0
2024-04-26 12:30:00-04:00,170.25,170.25999450683594,169.76010131835938,169.875,4152260,0.0,0.0
2024-04-26 13:30:00-04:00,169.8800048828125,169.88999938964844,169.3699951171875,169.6999969482422,4417993,0.0,0.0
2024-04-26 14:30:00-04:00,169.6999969482422,170.11000061035156,169.52000427246094,169.99000549316406,4106101,0.0,0.0
2024-04-26 15:30:00-04:00,169.97999572753906,170.08999633789062,169.19000244140625,169.2899932861328,6146863,0.0,0.0
2024-04-29 09:30:00-04:00,173.38999938964844,176.02999877929688,173.1300048828125,174.75999450683594,22509930,0.0,0.0
2024-04-29 10:30:00-04:00,174.75,175.1300048828125,173.97999572753906,174.50999450683594,7830323,0.0,0.0
2024-04-29 11:30:00-04:00,174.5198974609375,174.82000732421875,174.00999450683594,174.3249969482422,5706873,0.0,0.0
2024-04-29 12:30:00-04:00,174.32769775390625,174.8887939453125,174.22000122070312,174.8699951171875,4546336,0.0,0.0
2024-04-29 13:30:00-04:00,174.8699951171875,175.10499572753906,174.08999633789062,174.2657928466797,4501161,0.0,0.0
2024-04-29 14:30:00-04:00,174.26010131835938,174.66000366210938,173.35150146484375,173.8249969482422,5832343,0.0,0.0
2024-04-29 15:30:00-04:00,173.8249969482422,173.97889709472656,173.1199951171875,173.49000549316406,5978948,0.0,0.0
2024-04-30 09:30:00-04:00,173.20199584960938,174.99000549316406,172.64999389648438,174.42999267578125,9649989,0.0,0.0
2024-04-30 10:30:00-04:00,174.4250030517578,174.94500732421875,173.72459411621094,173.86500549316406,6074161,0.0,0.0
2024-04-30 11:30:00-04:00,173.86990356445312,174.1999053955078,173.60499572753906,173.8365936279297,3446845,0.0,0.0
2024-04-30 12:30:00-04:00,173.83999633789062,173.92999267578125,173.22000122070312,173.27529907226562,4148810,0.0,0.0
2024-04-30 13:30:00-04:00,173.30499267578125,173.87989807128906,173.10000610351562,173.17999267578125,3964263,0.0,0.0
2024-04-30 14:30:00-04:00,173.1999969482422,173.34500122070312,172.55999755859375,172.72999572753906,4786101,0.0,0.0
2024-04-30 15:30:00-04:00,172.74000549316406,172.94000244140625,170.02000427246094,170.08999633789062,11784580,0.0,0.0
2024-05-01 09:30:00-04:00,170.0,171.07000732421875,169.11000061035156,170.81500244140625,8294097,0.0,0.0
2024-05-01 10:30:00-04:00,170.78500366210938,171.36000061035156,170.64500427246094,171.1699981689453,4272367,0.0,0.0
2024-05-01 11:30:00-04:00,171.1699981689453,171.72000122070312,171.10000610351562,171.38999938964844,4126555,0.0,0.0
2024-05-01 12:30:00-04:00,171.3800048828125,171.4499969482422,170.7550048828125,171.1199951171875,2863605,0.0,0.0
2024-05-01 13:30:00-04:00,171.125,171.50999450683594,170.61000061035156,171.42300415039062,4066520,0.0,0.0
2024-05-01 14:30:00-04:00,171.4199981689453,172.69000244140625,170.89500427246094,172.3699951171875,8561606,0.0,0.0
2024-05-01 15:30:00-04:00,172.38499450683594,172.38499450683594,169.25,169.2899932861328,9451344,0.0,0.0
2024-05-02 09:30:00-04:00,172.4199981689453,172.66000366210938,170.88999938964844,171.58999633789062,16705177,0.0,0.0
2024-05-02 10:30:00-04:00,171.5941925048828,172.0800018310547,171.4199981689453,171.60000610351562,6210532,0.0,0.0
2024-05-02 11:30:00-04:00,171.59719848632812,172.5050048828125,171.46249389648438,172.3498992919922,6639465,0.0,0.0
2024-05-02 12:30:00-04:00,172.34500122070312,172.77999877929688,171.94000244140625,172.6988983154297,5497209,0.0,0.0
2024-05-02 13:30:00-04:00,172.6999969482422,172.94000244140625,172.41000366210938,172.89999389648438,6288261,0.0,0.0
2024-05-02 14:30:00-04:00,172.89999389648438,173.22000122070312,172.5500030517578,173.14999389648438,8749459,0.0,0.0
2024-05-02 15:30:00-04:00,173.14500427246094,173.4149932861328,172.5399932861328,173.08999633789062,9688076,0.0,0.0
2024-05-03 09:30:00-04:00,186.6699981689453,187.0,182.66000366210938,184.17999267578125,55819788,0.0,0.0
2024-05-03 10:30:00-04:00,184.19900512695312,184.99000549316406,183.5399932861328,184.64999389648438,17983283,0.0,0.0
2024-05-03 11:30:00-04:00,184.66000366210938,184.94000244140625,184.1300048828125,184.36000061035156,10376113,0.0,0.0
2024-05-03 12:30:00-04:00,184.35989379882812,185.4949951171875,184.3000030517578,185.360107421875,12652093,0.0,0.0
2024-05-03 13:30:00-04:00,185.36000061035156,185.86000061035156,184.80999755859375,185.75,12223485,0.0,0.0
2024-05-03 14:30:00-04:00,185.7550048828125,185.99000549316406,184.25999450683594,184.9949951171875,16502580,0.0,0.0
2024-05-03 15:30:00-04:00,185.0,185.00999450683594,183.0500030517578,183.38999938964844,14886978,0.0,0.0
2024-05-06 09:30:00-04:00,182.35400390625,184.1699981689453,181.6300048828125,182.6199951171875,21498066,0.0,0.0
2024-05-06 10:30:00-04:00,182.88999938964844,183.3800048828125,181.72999572753906,181.99710083007812,8234392,0.0,0.0
2024-05-06 11:30:00-04:00,182.0050048828125,182.39999389648438,181.5,181.60000610351562,7543780,0.0,0.0
2024-05-06 12:30:00-04:00,181.60000610351562,181.82989501953125,180.58120727539062,180.58999633789062,7567313,0.0,0.0
2024-05-06 13:30:00-04:00,180.58999633789062,181.33999633789062,180.4199981689453,180.80499267578125,7890598,0.0,0.0
2024-05-06 14:30:00-04:00,180.80999755859375,181.6199951171875,180.6999969482422,181.48060607910156,6903326,0.0,0.0
2024-05-06 15:30:00-04:00,181.49000549316406,182.02000427246094,181.24000549316406,181.6999969482422,8524836,0.0,0.0
2024-05-07 09:30:00-04:00,183.4499969482422,184.89999389648438,182.7100067138672,182.83990478515625,23887519,0.0,0.0
2024-05-07 10:30:00-04:00,182.8249969482422,183.11000061035156,182.16000366210938,182.17999267578125,10527042,0.0,0.0
2024-05-07 11:30:00-04:00,182.16000366210938,182.356201171875,181.41000366210938,181.52000427246094,7432182,0.0,0.0
2024-05-07 12:30:00-04:00,181.52000427246094,182.72000122070312,181.32000732421875,182.55999755859375,6083145,0.0,0.0
2024-05-07 13:30:00-04:00,182.55999755859375,182.9199981689453,182.08999633789062,182.37600708007812,5530053,0.0,0.0
2024-05-07 14:30:00-04:00,182.3699951171875,182.77999877929688,182.1699981689453,182.63499450683594,4785926,0.0,0.0
2024-05-07 15:30:00-04:00,182.6300048828125,182.67999267578125,182.22000122070312,182.3699951171875,5031993,0.0,0.0
2024-05-08 09:30:00-04:00,182.7100067138672,182.9600067138672,181.4600067138672,181.91000366210938,10261929,0.0,0.0
2024-05-08 10:30:00-04:00,181.88999938964844,182.3800048828125,181.7550048828125,182.28500366210938,4657669,0.0,0.0
2024-05-08 11:30:00-04:00,182.28500366210938,182.61000061035156,181.8509979248047,182.33999633789062,4579068,0.0,0.0
2024-05-08 12:30:00-04:00,182.33999633789062,182.49000549316406,182.02999877929688,182.3000030517578,3047249,0.0,0.0
2024-05-08 13:30:00-04:00,182.30499267578125,182.72000122070312,182.2949981689453,182.68499755859375,3954343,0.0,0.0
2024-05-08 14:30:00-04:00,182.69000244140625,182.99000549316406,182.61000061035156,182.89010620117188,4937356,0.0,0.0
2024-05-08 15:30:00-04:00,182.89500427246094,183.0500030517578,182.68499755859375,182.74000549316406,5220918,0.0,0.0
2024-05-09 09:30:00-04:00,182.55999755859375,183.82989501953125,182.1199951171875,183.4199981689453,9634755,0.0,0.0
2024-05-09 10:30:00-04:00,183.4250030517578,183.86000061035156,183.11000061035156,183.63999938964844,5753829,0.0,0.0
2024-05-09 11:30:00-04:00,183.64999389648438,183.83999633789062,183.43499755859375,183.60499572753906,4233577,0.0,0.0
2024-05-09 12:30:00-04:00,183.60499572753906,184.5,183.53990173339844,184.3800048828125,6031102,0.0,0.0
2024-05-09 13:30:00-04:00,184.38999938964844,184.64999389648438,184.05999755859375,184.25,4829910,0.0,0.0
2024-05-09 14:30:00-04:00,184.24000549316406,184.61500549316406,184.22000122070312,184.31500244140625,4012982,0.0,0.0
2024-05-09 15:30:00-04:00,184.30999755859375,184.64999389648438,184.3000030517578,184.64999389648438,5820164,0.0,0.0
2024-05-10 09:30:00-04:00,184.9199981689453,185.08999633789062,183.14999389648438,183.2050018310547,12508339,0.25,0.0
2024-05-10 10:30:00-04:00,183.2100067138672,183.3997039794922,182.25999450683594,182.69000244140625,7423228,0.0,0.0
2024-05-10 11:30:00-04:00,182.6999969482422,182.73500061035156,182.2449951171875,182.48880004882812,3801053,0.0,0.0
2024-05-10 12:30:00-04:00,182.48500061035156,182.58999633789062,182.2100067138672,182.39500427246094,2997546,0.0,0.0
2024-05-10 13:30:00-04:00,182.38999938964844,182.85000610351562,182.1300048828125,182.74000549316406,4477086,0.0,0.0
2024-05-10 14:30:00-04:00,182.72999572753906,182.9600067138672,182.57000732421875,182.94000244140625,4005294,0.0,0.0
2024-05-10 15:30:00-04:00,182.94000244140625,183.1999969482422,182.7899932861328,183.0,5183512,0.0,0.0
2024-05-13 09:30:00-04:00,185.43499755859375,185.86500549316406,184.6199951171875,185.68899536132812,13788872,0.0,0.0
2024-05-13 10:30:00-04:00,185.68499755859375,186.42999267578125,185.6300048828125,185.9199981689453,9423195,0.0,0.0
2024-05-13 11:30:00-04:00,185.9149932861328,186.5,185.77999877929688,186.2899932861328,7602808,0.0,0.0
2024-05-13 12:30:00-04:00,186.2899932861328,186.92999267578125,186.25,186.65859985351562,8098301,0.0,0.0
2024-05-13 13:30:00-04:00,186.66000366210938,186.9499969482422,186.3699951171875,186.6501007080078,5453676,0.0,0.0
2024-05-13 14:30:00-04:00,186.65989685058594,187.10000610351562,186.55999755859375,186.98989868164062,6516486,0.0,0.0
2024-05-13 15:30:00-04:00,186.98500061035156,187.02999877929688,186.07000732421875,186.28500366210938,9250536,0.0,0.0
2024-05-14 09:30:00-04:00,187.64999389648438,188.3000030517578,186.5500030517578,187.00999450683594,14754549,0.0,0.0
2024-05-14 10:30:00-04:00,187.00999450683594,187.1999969482422,186.2899932861328,186.97999572753906,4957021,0.0,0.0
2024-05-14 11:30:00-04:00,186.98500061035156,187.0,186.52000427246094,186.8000030517578,3617615,0.0,0.0
2024-05-14 12:30:00-04:00,186.8000030517578,186.9499969482422,186.4510040283203,186.52999877929688,3012019,0.0,0.0
2024-05-14 13:30:00-04:00,186.53500366210938,187.3699951171875,186.48500061035156,187.32940673828125,5421425,0.0,0.0
2024-05-14 14:30:00-04:00,187.3249969482422,187.80999755859375,187.1999969482422,187.7449951171875,4923069,0.0,0.0
2024-05-14 15:30:00-04:00,187.75,187.91000366210938,187.16000366210938,187.38999938964844,5635981,0.0,0.0
2024-05-15 09:30:00-04:00,187.97999572753906,189.72999572753906,187.3800048828125,189.57899475097656,15211599,0.0,0.0
2024-05-15 10:30:00-04:00,189.5800018310547,190.07000732421875,189.52000427246094,189.9199981689453,10479415,0.0,0.0
2024-05-15 11:30:00-04:00,189.9250030517578,190.2100067138672,189.5399932861328,190.15499877929688,5434851,0.0,0.0
2024-05-15 12:30:00-04:00,190.15499877929688,190.64999389648438,190.13999938964844,190.3699951171875,6113081,0.0,0.0
2024-05-15 13:30:00-04:00,190.3800048828125,190.5500030517578,189.8603057861328,189.92999267578125,5363162,0.0,0.0
2024-05-15 14:30:00-04:00,189.9250030517578,190.25999450683594,189.82000732421875,189.875,6702029,0.0,0.0
2024-05-15 15:30:00-04:00,189.8800048828125,190.1199951171875,189.5,189.74000549316406,8181060,0.0,0.0
2024-05-16 09:30:00-04:00,190.51600646972656,191.09500122070312,189.97500610351562,190.5802001953125,13478830,0.0,0.0
2024-05-16 10:30:00-04:00,190.5850067138672,190.75,189.72500610351562,189.9698944091797,6494017,0.0,0.0
2024-05-16 11:30:00-04:00,189.96499633789062,190.3800048828125,189.76499938964844,190.32110595703125,5165187,0.0,0.0
2024-05-16 12:30:00-04:00,190.32949829101562,190.48809814453125,189.97000122070312,190.00999450683594,3483587,0.0,0.0
2024-05-16 13:30:00-04:00,190.00050354003906,190.25999450683594,189.75999450683594,189.92739868164062,3578815,0.0,0.0
2024-05-16 14:30:00-04:00,189.9199981689453,190.10000610351562,189.83999633789062,189.88499450683594,3752308,0.0,0.0
2024-05-16 15:30:00-04:00,189.88999938964844,190.22000122070312,189.66009521484375,189.89999389648438,6377484,0.0,0.0
2024-05-17 09:30:00-04:00,189.3800048828125,190.80999755859375,189.22000122070312,190.1501007080078,10313420,0.0,0.0
2024-05-17 10:30:00-04:00,190.16000366210938,190.3000030517578,189.65199279785156,189.69700622558594,3636563,0.0,0.0
2024-05-17 11:30:00-04:00,189.69000244140625,189.9600067138672,189.42010498046875,189.7899932861328,3477507,0.0,0.0
2024-05-17 12:30:00-04:00,189.7949981689453,189.99000549316406,189.5811004638672,189.68499755859375,2227185,0.0,0.0
2024-05-17 13:30:00-04:00,189.69000244140625,189.875,189.3800048828125,189.67999267578125,3173599,0.0,0.0
2024-05-17 14:30:00-04:00,189.6649932861328,190.1300048828125,189.6199951171875,190.10830688476562,3544941,0.0,0.0
2024-05-17 15:30:00-04:00,190.10499572753906,190.14999389648438,189.75039672851562,189.92999267578125,5767398,0.0,0.0
2024-05-20 09:30:00-04:00,189.35000610351562,191.77000427246094,189.00999450683594,191.60499572753906,11170451,0.0,0.0
2024-05-20 10:30:00-04:00,191.60000610351562,191.91990661621094,191.1699981689453,191.17999267578125,6619615,0.0,0.0
2024-05-20 11:30:00-04:00,191.1750030517578,191.50999450683594,191.02000427246094,191.1649932861328,3353981,0.0,0.0
2024-05-20 12:30:00-04:00,191.16000366210938,191.80499267578125,191.16000366210938,191.46499633789062,3398871,0.0,0.0
2024-05-20 13:30:00-04:00,191.46400451660156,191.6199951171875,191.16009521484375,191.41000366210938,2512725,0.0,0.0
2024-05-20 14:30:00-04:00,191.41000366210938,191.5,191.0800018310547,191.31399536132812,3014420,0.0,0.0
2024-05-20 15:30:00-04:00,191.30999755859375,191.34800720214844,190.80999755859375,191.0800018310547,4813353,0.0,0.0
2024-05-21 09:30:00-04:00,191.08999633789062,192.58999633789062,190.92010498046875,192.2100067138672,9575653,0.0,0.0
2024-05-21 10:30:00-04:00,192.22999572753906,192.64990234375,191.86000061035156,192.28269958496094,5835087,0.0,0.0
2024-05-21 11:30:00-04:00,192.2899932861328,192.42300415039062,191.8300018310547,192.17909240722656,3296315,0.0,0.0
2024-05-21 12:30:00-04:00,192.1750030517578,192.38499450683594,191.77999877929688,192.36000061035156,3030314,0.0,0.0
2024-05-21 13:30:00-04:00,192.3699951171875,192.5399932861328,192.2949981689453,192.51499938964844,3614416,0.0,0.0
2024-05-21 14:30:00-04:00,192.51499938964844,192.67999267578125,192.39999389648438,192.52999877929688,3655229,0.0,0.0
2024-05-21 15:30:00-04:00,192.52999877929688,192.72999572753906,192.27999877929688,192.36000061035156,5302236,0.0,0.0
2024-05-22 09:30:00-04:00,192.25,192.82310485839844,191.97999572753906,192.71499633789062,6192624,0.0,0.0
2024-05-22 10:30:00-04:00,192.71499633789062,192.75999450683594,192.0330047607422,192.13999938964844,3840572,0.0,0.0
2024-05-22 11:30:00-04:00,192.13999938964844,192.1999969482422,191.52499389648438,191.6199951171875,3221517,0.0,0.0
2024-05-22 12:30:00-04:00,191.61500549316406,191.72999572753906,191.0800018310547,191.3699951171875,2593453,0.0,0.0
2024-05-22 13:30:00-04:00,191.36000061035156,191.42999267578125,190.27000427246094,190.60000610351562,3969834,0.0,0.0
2024-05-22 14:30:00-04:00,190.59500122070312,190.94000244140625,190.52000427246094,190.9398956298828,2705299,0.0,0.0
2024-05-22 15:30:00-04:00,190.9300994873047,191.30499267578125,190.3800048828125,190.97999572753906,4670368,0.0,0.0
2024-05-23 09:30:00-04:00,191.0,191.0,188.5050048828125,189.0500030517578,10163386,0.0,0.0
2024-05-23 10:30:00-04:00,189.05999755859375,189.69000244140625,188.67999267578125,189.4499969482422,6137975,0.0,0.0
2024-05-23 11:30:00-04:00,189.4550018310547,189.7100067138672,189.07000732421875,189.52499389648438,3243022,0.0,0.0
2024-05-23 12:30:00-04:00,189.52499389648438,189.59950256347656,188.42999267578125,188.64010620117188,3640141,0.0,0.0
2024-05-23 13:30:00-04:00,188.64999389648438,188.68499755859375,187.30999755859375,187.7050018310547,5194146,0.0,0.0
2024-05-23 14:30:00-04:00,187.6999969482422,187.8000030517578,187.16000366210938,187.6199951171875,4566990,0.0,0.0
2024-05-23 15:30:00-04:00,187.6199951171875,187.82000732421875,186.625,186.91000366210938,5803901,0.0,0.0
2024-05-24 09:30:00-04:00,188.82000732421875,189.52000427246094,188.0404052734375,189.52000427246094,9165795,0.0,0.0
2024-05-24 10:30:00-04:00,189.51499938964844,190.2899932861328,189.25999450683594,190.1199951171875,4878308,0.0,0.0
2024-05-24 11:30:00-04:00,190.11000061035156,190.5800018310547,189.72999572753906,190.37989807128906,3569741,0.0,0.0
2024-05-24 12:30:00-04:00,190.3800048828125,190.55999755859375,190.22999572753906,190.4149932861328,2486685,0.0,0.0
2024-05-24 13:30:00-04:00,190.4199981689453,190.46499633789062,190.05499267578125,190.14999389648438,3081217,0.0,0.0
2024-05-24 14:30:00-04:00,190.14999389648438,190.38999938964844,189.93499755859375,190.08999633789062,2750429,0.0,0.0
2024-05-24 15:30:00-04:00,190.0850067138672,190.24000549316406,189.82000732421875,190.0,3538245,0.0,0.0
2024-05-28 09:30:00-04:00,191.53199768066406,192.99000549316406,190.33999633789062,191.63999938964844,15396828,0.0,0.0
2024-05-28 10:30:00-04:00,191.6300048828125,191.77000427246094,191.13009643554688,191.6199951171875,5008372,0.0,0.0
2024-05-28 11:30:00-04:00,191.61000061035156,191.9499969482422,191.05999755859375,191.2550048828125,4381780,0.0,0.0
2024-05-28 12:30:00-04:00,191.2501983642578,191.45899963378906,190.86000061035156,190.875,3205058,0.0,0.0
2024-05-28 13:30:00-04:00,190.875,190.9600067138672,189.64999389648438,189.72979736328125,4766217,0.0,0.0
2024-05-28 14:30:00-04:00,189.72500610351562,189.8699951171875,189.10000610351562,189.53280639648438,5144489,0.0,0.0
2024-05-28 15:30:00-04:00,189.53799438476562,190.10000610351562,189.3300018310547,190.10000610351562,4991097,0.0,0.0
2024-05-29 09:30:00-04:00,189.50999450683594,192.2469940185547,189.50999450683594,191.85000610351562,12968690,0.0,0.0
2024-05-29 10:30:00-04:00,191.84890747070312,192.24000549316406,191.125,191.48370361328125,6819860,0.0,0.0
2024-05-29 11:30:00-04:00,191.48500061035156,191.77999877929688,191.0800018310547,191.75999450683594,4646271,0.0,0.0
2024-05-29 12:30:00-04:00,191.7624969482422,192.02999877929688,191.5030059814453,191.7949981689453,3262501,0.0,0.0
2024-05-29 13:30:00-04:00,191.7899932861328,191.97000122070312,191.30999755859375,191.5601043701172,4166095,0.0,0.0
2024-05-29 14:30:00-04:00,191.55999755859375,191.6300048828125,190.72000122070312,191.13999938964844,4716309,0.0,0.0
2024-05-29 15:30:00-04:00,191.13999938964844,191.2100067138672,189.95989990234375,190.3699951171875,6936004,0.0,0.0
2024-05-30 09:30:00-04:00,190.78500366210938,192.10000610351562,190.6300048828125,191.44500732421875,11192477,0.0,0.0
2024-05-30 10:30:00-04:00,191.4499969482422,191.82400512695312,191.0,191.69500732421875,5533218,0.0,0.0
2024-05-30 11:30:00-04:00,191.6699981689453,191.75,191.10000610351562,191.25999450683594,2975839,0.0,0.0
2024-05-30 12:30:00-04:00,191.25999450683594,192.13999938964844,191.2050018310547,192.07870483398438,3757523,0.0,0.0
2024-05-30 13:30:00-04:00,192.0800018310547,192.17999267578125,191.36000061035156,191.53500366210938,3362017,0.0,0.0
2024-05-30 14:30:00-04:00,191.5366973876953,191.8000030517578,191.41000366210938,191.56500244140625,4143522,0.0,0.0
2024-05-30 15:30:00-04:00,191.5800018310547,191.83999633789062,190.85000610351562,191.2899932861328,6616325,0.0,0.0
2024-05-31 09:30:00-04:00,191.44000244140625,192.57000732421875,191.27000427246094,191.69000244140625,10359581,0.0,0.0
2024-05-31 10:30:00-04:00,191.69000244140625,191.97000122070312,190.10000610351562,190.41000366210938,6925875,0.0,0.0
2024-05-31 11:30:00-04:00,190.38999938964844,190.7073974609375,189.91000366210938,190.19720458984375,4332092,0.0,0.0
2024-05-31 12:30:00-04:00,190.1999969482422,190.58999633789062,189.91000366210938,190.57000732421875,3119084,0.0,0.0
2024-05-31 13:30:00-04:00,190.57000732421875,190.82000732421875,190.3800048828125,190.55499267578125,2877661,0.0,0.0
2024-05-31 14:30:00-04:00,190.5500030517578,191.26980590820312,190.3300018310547,191.02999877929688,6023627,0.0,0.0
2024-05-31 15:30:00-04:00,191.02000427246094,192.49000549316406,190.89999389648438,192.47000122070312,9872872,0.0,0.0
2024-06-03 09:30:00-04:00,192.97999572753906,194.99000549316406,192.52999877929688,194.8350067138672,14806084,0.0,0.0
2024-06-03 10:30:00-04:00,194.8300018310547,194.9199981689453,193.5800018310547,194.1300048828125,6469352,0.0,0.0
2024-06-03 11:30:00-04:00,194.1199951171875,194.38999938964844,193.24000549316406,193.28939819335938,4781872,0.0,0.0
2024-06-03 12:30:00-04:00,193.27999877929688,193.82640075683594,192.83999633789062,193.7899932861328,4233538,0.0,0.0
2024-06-03 13:30:00-04:00,193.75999450683594,194.05499267578125,193.08999633789062,193.10000610351562,3561086,0.0,0.0
2024-06-03 14:30:00-04:00,193.10000610351562,193.52000427246094,192.91009521484375,193.35400390625,3785048,0.0,0.0
2024-06-03 15:30:00-04:00,193.36000061035156,194.11000061035156,193.27999877929688,194.08999633789062,5118764,0.0,0.0
2024-06-04 09:30:00-04:00,194.72000122070312,195.0,193.03419494628906,194.02999877929688,10693104,0.0,0.0
2024-06-04 10:30:00-04:00,194.02499389648438,194.39999389648438,193.66000366210938,194.0500030517578,5032304,0.0,0.0
2024-06-04 11:30:00-04:00,194.05499267578125,194.49000549316406,193.71499633789062,194.47000122070312,3593838,0.0,0.0
2024-06-04 12:30:00-04:00,194.47000122070312,194.82000732421875,194.33999633789062,194.80499267578125,3308960,0.0,0.0
2024-06-04 13:30:00-04:00,194.80999755859375,195.32000732421875,194.41000366210938,195.23500061035156,5053574,0.0,0.0
2024-06-04 14:30:00-04:00,195.22999572753906,195.32000732421875,193.92999267578125,194.5072021484375,5071285,0.0,0.0
2024-06-04 15:30:00-04:00,194.5050048828125,194.8699951171875,194.17999267578125,194.36500549316406,4327507,0.0,0.0
2024-06-05 09:30:00-04:00,195.4199981689453,196.4199981689453,194.8800048828125,195.375,11655383,0.0,0.0
2024-06-05 10:30:00-04:00,195.3800048828125,196.1699981689453,195.19500732421875,196.13999938964844,6044987,0.0,0.0
2024-06-05 11:30:00-04:00,196.13999938964844,196.89999389648438,195.82000732421875,195.9250030517578,6551624,0.0,0.0
2024-06-05 12:30:00-04:00,195.9199981689453,196.25999450683594,195.60009765625,195.88519287109375,4380580,0.0,0.0
2024-06-05 13:30:00-04:00,195.8800048828125,196.6999969482422,195.8800048828125,196.2050018310547,5004091,0.0,0.0
2024-06-05 14:30:00-04:00,196.1999969482422,196.44000244140625,195.72000122070312,196.139892578125,4731794,0.0,0.0
2024-06-05 15:30:00-04:00,196.1300048828125,196.4499969482422,195.6199951171875,195.89999389648438,6222302,0.0,0.0
2024-06-06 09:30:00-04:00,195.68499755859375,196.5,195.2100067138672,195.9199981689453,9631306,0.0,0.0
2024-06-06 10:30:00-04:00,195.91000366210938,196.0,195.44000244140625,195.8350067138672,4451666,0.0,0.0
2024-06-06 11:30:00-04:00,195.8350067138672,195.83999633789062,195.41000366210938,195.6699981689453,3210636,0.0,0.0
2024-06-06 12:30:00-04:00,195.6768035888672,196.07000732421875,195.46499633789062,195.6479949951172,3210252,0.0,0.0
2024-06-06 13:30:00-04:00,195.64500427246094,195.73500061035156,194.9499969482422,195.54449462890625,3816320,0.0,0.0
2024-06-06 14:30:00-04:00,195.5399932861328,195.54080200195312,195.02000427246094,195.39300537109375,3431671,0.0,0.0
2024-06-06 15:30:00-04:00,195.39500427246094,195.5,194.1699981689453,194.47999572753906,5961018,0.0,0.0
2024-06-07 09:30:00-04:00,194.66000366210938,195.75,194.13999938964844,194.80999755859375,10154074,0.0,0.0
2024-06-07 10:30:00-04:00,194.80499267578125,195.97000122070312,194.74009704589844,195.6199951171875,6480520,0.0,0.0
2024-06-07 11:30:00-04:00,195.625,196.18499755859375,195.60000610351562,195.9550018310547,7373793,0.0,0.0
2024-06-07 12:30:00-04:00,195.9600067138672,196.49000549316406,195.7100067138672,196.36000061035156,4552773,0.0,0.0
2024-06-07 13:30:00-04:00,196.36000061035156,196.5800018310547,195.72000122070312,195.8699951171875,5669748,0.0,0.0
2024-06-07 14:30:00-04:00,195.86000061035156,196.44000244140625,195.5800018310547,196.4394989013672,4413006,0.0,0.0
2024-06-07 15:30:00-04:00,196.43499755859375,196.94000244140625,196.24000549316406,196.89999389648438,7738011,0.0,0.0
2024-06-10 09:30:00-04:00,197.1999969482422,197.2816925048828,194.8300018310547,195.6199951171875,15640700,0.0,0.0
2024-06-10 10:30:00-04:00,195.6217041015625,195.74000549316406,195.25,195.55419921875,5515526,0.0,0.0
2024-06-10 11:30:00-04:00,195.55999755859375,196.2100067138672,195.07000732421875,195.88839721679688,6844150,0.0,0.0
2024-06-10 12:30:00-04:00,195.88999938964844,196.3800048828125,195.11000061035156,195.4250030517578,7537803,0.0,0.0
2024-06-10 13:30:00-04:00,195.44000244140625,196.4499969482422,192.14999389648438,193.16000366210938,23696662,0.0,0.0
2024-06-10 14:30:00-04:00,193.14999389648438,194.3000030517578,192.3300018310547,192.96499633789062,17145821,0.0,0.0
2024-06-10 15:30:00-04:00,192.9600067138672,193.19000244140625,192.2899932861328,193.1300048828125,9924521,0.0,0.0
2024-06-11 09:30:00-04:00,193.66000366210938,201.0449981689453,193.63999938964844,200.89999389648438,41754118,0.0,0.0
2024-06-11 10:30:00-04:00,200.8925018310547,204.50999450683594,200.8800048828125,204.40989685058594,33923446,0.0,0.0
2024-06-11 11:30:00-04:00,204.39500427246094,205.4499969482422,203.4499969482422,204.22500610351562,23287350,0.0,0.0
2024-06-11 12:30:00-04:00,204.2476043701172,206.02999877929688,203.8000030517578,205.0399932861328,15916325,0.0,0.0
2024-06-11 13:30:00-04:00,205.02999877929688,205.41000366210938,204.44000244140625,205.0800018310547,11453848,0.0,0.0
2024-06-11 14:30:00-04:00,205.08999633789062,205.92999267578125,204.6999969482422,205.72999572753906,12935816,0.0,0.0
2024-06-11 15:30:00-04:00,205.72999572753906,207.16000366210938,205.49000549316406,207.13999938964844,16510894,0.0,0.0
2024-06-12 09:30:00-04:00,207.36000061035156,215.99000549316406,206.91000366210938,215.23500061035156,56496065,0.0,0.0
2024-06-12 10:30:00-04:00,215.22000122070312,218.1199951171875,214.67999267578125,217.58009338378906,28525914,0.0,0.0
2024-06-12 11:30:00-04:00,217.5800018310547,217.60000610351562,215.27000427246094,215.35000610351562,17483667,0.0,0.0
2024-06-12 12:30:00-04:00,215.33059692382812,217.36000061035156,214.86099243164062,216.92999267578125,12561436,0.0,0.0
2024-06-12 13:30:00-04:00,216.92750549316406,219.3249969482422,216.4600067138672,218.960205078125,17876803,0.0,0.0
2024-06-12 14:30:00-04:00,218.95010375976562,220.1999969482422,217.3699951171875,217.72999572753906,23575609,0.0,0.0
2024-06-12 15:30:00-04:00,217.74000549316406,217.75999450683594,212.83999633789062,213.1116943359375,27633505,0.0,0.0
2024-06-13 09:30:00-04:00,214.77999877929688,216.75,213.13999938964844,213.85020446777344,30111186,0.0,0.0
2024-06-13 10:30:00-04:00,213.8643035888672,214.5590057373047,212.17010498046875,213.44500732421875,11890302,0.0,0.0
2024-06-13 11:30:00-04:00,213.43589782714844,214.06179809570312,211.60000610351562,212.10000610351562,8952250,0.0,0.0
2024-06-13 12:30:00-04:00,212.11000061035156,213.74000549316406,212.02999877929688,213.60000610351562,6757287,0.0,0.0
2024-06-13 13:30:00-04:00,213.60499572753906,213.7899932861328,212.4001007080078,213.19000244140625,6146495,0.0,0.0
2024-06-13 14:30:00-04:00,213.1999969482422,214.39999389648438,213.0399932861328,214.33999633789062,12111802,0.0,0.0
2024-06-13 15:30:00-04:00,214.3300018310547,214.8800048828125,213.83200073242188,214.1300048828125,9252524,0.0,0.0
2024-06-14 09:30:00-04:00,213.80999755859375,215.1699981689453,212.6199951171875,213.38999938964844,16970905,0.0,0.0
2024-06-14 10:30:00-04:00,213.38999938964844,213.91990661621094,212.66000366210938,213.59500122070312,9007098,0.0,0.0
2024-06-14 11:30:00-04:00,213.59500122070312,213.82000732421875,211.6699981689453,211.75,9057332,0.0,0.0
2024-06-14 12:30:00-04:00,211.75,212.2790069580078,211.3000030517578,211.77999877929688,6971182,0.0,0.0
2024-06-14 13:30:00-04:00,211.77999877929688,212.4499969482422,211.69000244140625,212.22500610351562,5419804,0.0,0.0
2024-06-14 14:30:00-04:00,212.22950744628906,212.38999938964844,211.67999267578125,212.3800048828125,5080813,0.0,0.0
2024-06-14 15:30:00-04:00,212.375,212.58790588378906,211.4199981689453,212.52000427246094,7731194,0.0,0.0
2024-06-17 09:30:00-04:00,213.3000030517578,216.49000549316406,212.72000122070312,216.09140014648438,23579228,0.0,0.0
2024-06-17 10:30:00-04:00,216.08999633789062,217.3300018310547,215.3300018310547,216.3314971923828,11752782,0.0,0.0
2024-06-17 11:30:00-04:00,216.3300018310547,217.07000732421875,215.82000732421875,216.5399932861328,7605894,0.0,0.0
2024-06-17 12:30:00-04:00,216.5399932861328,218.10000610351562,216.1300048828125,217.82000732421875,7465754,0.0,0.0
2024-06-17 13:30:00-04:00,217.8300018310547,218.75,217.75,218.35000610351562,8525981,0.0,0.0
2024-06-17 14:30:00-04:00,218.34519958496094,218.94500732421875,217.9600067138672,218.15499877929688,9383966,0.0,0.0
2024-06-17 15:30:00-04:00,218.16000366210938,218.33999633789062,215.47999572753906,216.7100067138672,11852085,0.0,0.0
2024-06-18 09:30:00-04:00,217.61000061035156,218.6300048828125,214.44000244140625,215.30999755859375,21562377,0.0,0.0
2024-06-18 10:30:00-04:00,215.30999755859375,215.8000030517578,213.44000244140625,214.36000061035156,11158176,0.0,0.0
2024-06-18 11:30:00-04:00,214.35499572753906,214.44000244140625,213.0,213.22000122070312,7665650,0.0,0.0
2024-06-18 12:30:00-04:00,213.22000122070312,214.22999572753906,213.2165069580078,213.66000366210938,7074821,0.0,0.0
2024-06-18 13:30:00-04:00,213.66000366210938,214.05569458007812,213.07000732421875,213.72300720214844,5483651,0.0,0.0
2024-06-18 14:30:00-04:00,213.72500610351562,214.91000366210938,213.4001007080078,214.64999389648438,7084903,0.0,0.0
2024-06-18 15:30:00-04:00,214.64500427246094,215.10000610351562,213.91000366210938,214.3800048828125,7980426,0.0,0.0
2024-06-20 09:30:00-04:00,213.92999267578125,214.24000549316406,211.47999572753906,211.6385955810547,18864147,0.0,0.0
2024-06-20 10:30:00-04:00,211.6300048828125,211.97000122070312,209.52999877929688,209.53500366210938,12783233,0.0,0.0
2024-06-20 11:30:00-04:00,209.5399932861328,211.1699981689453,209.4199981689453,209.52499389648438,9155236,0.0,0.0
2024-06-20 12:30:00-04:00,209.52999877929688,210.28990173339844,209.1300048828125,209.3800048828125,6958427,0.0,0.0
2024-06-20 13:30:00-04:00,209.3699951171875,210.60000610351562,209.2100067138672,210.0399932861328,6536332,0.0,0.0
2024-06-20 14:30:00-04:00,210.0399932861328,210.1699981689453,209.16000366210938,209.67320251464844,8591610,0.0,0.0
2024-06-20 15:30:00-04:00,209.6750030517578,209.75,208.85000610351562,209.55999755859375,9279123,0.0,0.0
2024-06-21 09:30:00-04:00,210.38999938964844,211.88999938964844,209.58999633789062,210.82009887695312,29890095,0.0,0.0
2024-06-21 10:30:00-04:00,210.8300018310547,211.43479919433594,210.4199981689453,210.82000732421875,9274770,0.0,0.0
2024-06-21 11:30:00-04:00,210.82000732421875,211.6300048828125,210.72000122070312,211.10000610351562,4060107,0.0,0.0
2024-06-21 12:30:00-04:00,211.08999633789062,211.10989379882812,209.85000610351562,210.05999755859375,8297469,0.0,0.0
2024-06-21 13:30:00-04:00,210.05999755859375,210.97999572753906,209.9499969482422,210.84500122070312,5231252,0.0,0.0
2024-06-21 14:30:00-04:00,210.83999633789062,210.97000122070312,209.97000122070312,210.4199981689453,9306373,0.0,0.0
2024-06-21 15:30:00-04:00,210.4149932861328,210.85000610351562,207.11000061035156,207.11000061035156,19612185,0.0,0.0
2024-06-24 09:30:00-04:00,207.72000122070312,209.55999755859375,206.58999633789062,209.0050048828125,15818722,0.0,0.0
2024-06-24 10:30:00-04:00,209.0,212.6999969482422,208.9199981689453,212.36549377441406,13997902,0.0,0.0
2024-06-24 11:30:00-04:00,212.3800048828125,212.61000061035156,210.6300048828125,210.91000366210938,8594567,0.0,0.0
2024-06-24 12:30:00-04:00,210.91000366210938,211.0,209.39199829101562,210.0050048828125,6365972,0.0,0.0
2024-06-24 13:30:00-04:00,210.0,210.08999633789062,208.8800048828125,209.3699951171875,5647376,0.0,0.0
2024-06-24 14:30:00-04:00,209.3800048828125,209.50999450683594,208.52000427246094,208.85899353027344,5602001,0.0,0.0
2024-06-24 15:30:00-04:00,208.85000610351562,208.91000366210938,207.8446044921875,208.14999389648438,8540682,0.0,0.0
2024-06-25 09:30:00-04:00,209.0800018310547,211.3800048828125,208.61000061035156,209.79989624023438,14332677,0.0,0.0
2024-06-25 10:30:00-04:00,209.8000030517578,210.25999450683594,209.20010375976562,209.7100067138672,6546201,0.0,0.0
2024-06-25 11:30:00-04:00,209.72000122070312,210.48500061035156,209.7100067138672,210.03140258789062,3540240,0.0,0.0
2024-06-25 12:30:00-04:00,210.02999877929688,210.19000244140625,209.3800048828125,210.11500549316406,3379196,0.0,0.0
2024-06-25 13:30:00-04:00,210.11500549316406,210.67010498046875,209.94000244140625,210.66000366210938,3356142,0.0,0.0
2024-06-25 14:30:00-04:00,210.65890502929688,210.66900634765625,209.88999938964844,210.14010620117188,3656016,0.0,0.0
2024-06-25 15:30:00-04:00,210.13999938964844,210.13999938964844,208.82000732421875,209.0760040283203,5902321,0.0,0.0
2024-06-26 09:30:00-04:00,211.44000244140625,213.0,210.63999938964844,212.36000061035156,15333791,0.0,0.0
2024-06-26 10:30:00-04:00,212.3699951171875,213.74000549316406,212.343994140625,213.2100067138672,8758442,0.0,0.0
2024-06-26 11:30:00-04:00,213.2100067138672,214.77999877929688,213.02999877929688,214.34500122070312,6975792,0.0,0.0
2024-06-26 12:30:00-04:00,214.34500122070312,214.3699951171875,213.22999572753906,213.55999755859375,4272468,0.0,0.0
2024-06-26 13:30:00-04:00,213.55169677734375,214.86000061035156,213.49000549316406,214.35000610351562,5926758,0.0,0.0
2024-06-26 14:30:00-04:00,214.34500122070312,214.57000732421875,212.8300018310547,213.26199340820312,5748909,0.0,0.0
2024-06-26 15:30:00-04:00,213.28990173339844,213.5,212.72000122070312,213.1199951171875,5827438,0.0,0.0
2024-06-27 09:30:00-04:00,214.6300048828125,215.739501953125,213.38999938964844,213.80999755859375,14261692,0.0,0.0
2024-06-27 10:30:00-04:00,213.80999755859375,213.9600067138672,212.35000610351562,212.9705047607422,6786057,0.0,0.0
2024-06-27 11:30:00-04:00,212.97000122070312,213.86000061035156,212.57000732421875,213.85499572753906,4414449,0.0,0.0
2024-06-27 12:30:00-04:00,213.8513946533203,214.19000244140625,213.55999755859375,214.0,3649798,0.0,0.0
2024-06-27 13:30:00-04:00,213.99400329589844,214.07000732421875,213.0500030517578,213.4199981689453,3166588,0.0,0.0
2024-06-27 14:30:00-04:00,213.4199981689453,214.02000427246094,213.27000427246094,213.8289031982422,3516414,0.0,0.0
2024-06-27 15:30:00-04:00,213.8300018310547,214.1199951171875,213.14500427246094,214.11000061035156,5152491,0.0,0.0
2024-06-28 09:30:00-04:00,215.80499267578125,216.07000732421875,213.57029724121094,214.63999938964844,13755548,0.0,0.0
2024-06-28 10:30:00-04:00,214.63499450683594,215.3000030517578,213.77000427246094,214.33999633789062,6226559,0.0,0.0
2024-06-28 11:30:00-04:00,214.3300018310547,214.7100067138672,213.52000427246094,213.83999633789062,5602697,0.0,0.0
2024-06-28 12:30:00-04:00,213.8350067138672,214.52999877929688,213.27000427246094,213.83009338378906,4952402,0.0,0.0
2024-06-28 13:30:00-04:00,213.85000610351562,214.0800018310547,213.1300048828125,213.2100067138672,3774396,0.0,0.0
2024-06-28 14:30:00-04:00,213.2100067138672,213.48500061035156,212.6999969482422,213.05499267578125,4936041,0.0,0.0
2024-06-28 15:30:00-04:00,213.0500030517578,213.60989379882812,210.3000030517578,210.61000061035156,13592315,0.0,0.0
2024-07-01 09:30:00-04:00,212.1300048828125,215.58999633789062,211.9199981689453,215.22999572753906,14827486,0.0,0.0
2024-07-01 10:30:00-04:00,215.22000122070312,215.55999755859375,214.08999633789062,215.0133056640625,7684917,0.0,0.0
2024-07-01 11:30:00-04:00,215.00999450683594,216.5800018310547,214.6999969482422,216.5050048828125,6860373,0.0,0.0
2024-07-01 12:30:00-04:00,216.50999450683594,217.50999450683594,216.47000122070312,217.25430297851562,8436608,0.0,0.0
2024-07-01 13:30:00-04:00,217.25,217.25,215.9199981689453,215.93499755859375,4141471,0.0,0.0
2024-07-01 14:30:00-04:00,215.9199981689453,216.24000549316406,215.13999938964844,215.53500366210938,5270483,0.0,0.0
2024-07-01 15:30:00-04:00,215.53500366210938,217.0,215.4600067138672,216.72999572753906,5500033,0.0,0.0
2024-07-02 09:30:00-04:00,216.14999389648438,218.89999389648438,215.10000610351562,218.70989990234375,14475116,0.0,0.0
2024-07-02 10:30:00-04:00,218.7100067138672,220.3300018310547,218.5637969970703,219.51019287109375,11555006,0.0,0.0
2024-07-02 11:30:00-04:00,219.52999877929688,220.11000061035156,218.75999450683594,219.1649932861328,5151809,0.0,0.0
2024-07-02 12:30:00-04:00,219.14999389648438,219.5,218.83079528808594,219.39999389648438,3236672,0.0,0.0
2024-07-02 13:30:00-04:00,219.4001007080078,220.07000732421875,219.27000427246094,220.02999877929688,3762941,0.0,0.0
2024-07-02 14:30:00-04:00,220.02999877929688,220.3300018310547,219.50999450683594,219.6199951171875,4789218,0.0,0.0
2024-07-02 15:30:00-04:00,219.61000061035156,220.3800048828125,219.5,220.3699951171875,5279602,0.0,0.0
2024-07-03 09:30:00-04:00,220.42999267578125,221.39999389648438,219.02999877929688,219.3800048828125,14372255,0.0,0.0
2024-07-03 10:30:00-04:00,219.37989807128906,220.72999572753906,219.10009765625,220.11500549316406,6600486,0.0,0.0
2024-07-03 11:30:00-04:00,220.11500549316406,221.3000030517578,219.77000427246094,221.3000030517578,5274586,0.0,0.0
2024-07-05 09:30:00-04:00,221.64999389648438,225.44000244140625,221.64999389648438,225.17080688476562,17905237,0.0,0.0
2024-07-05 10:30:00-04:00,225.1699981689453,225.19000244140625,223.8300018310547,224.72000122070312,6883671,0.0,0.0
2024-07-05 11:30:00-04:00,224.72000122070312,225.41909790039062,224.67999267578125,225.22000122070312,5004157,0.0,0.0
2024-07-05 12:30:00-04:00,225.22999572753906,225.3699951171875,224.72999572753906,225.35000610351562,3808323,0.0,0.0
2024-07-05 13:30:00-04:00,225.35499572753906,225.63999938964844,224.97999572753906,225.25,4601702,0.0,0.0
2024-07-05 14:30:00-04:00,225.25999450683594,225.52499389648438,225.00999450683594,225.4199981689453,4332445,0.0,0.0
2024-07-05 15:30:00-04:00,225.41990661621094,226.4499969482422,225.36000061035156,226.30999755859375,7165954,0.0,0.0
2024-07-08 09:30:00-04:00,227.08999633789062,227.35000610351562,223.25,225.1999969482422,16387202,0.0,0.0
2024-07-08 10:30:00-04:00,225.19979858398438,226.80999755859375,224.783203125,226.50999450683594,8150247,0.0,0.0
2024-07-08 11:30:00-04:00,226.52999877929688,227.0,225.7899932861328,226.52000427246094,5305936,0.0,0.0
2024-07-08 12:30:00-04:00,226.50999450683594,226.89999389648438,226.0500030517578,226.5998992919922,4946609,0.0,0.0
2024-07-08 13:30:00-04:00,226.5800018310547,227.44000244140625,226.38999938964844,227.3300018310547,4890440,0.0,0.0
2024-07-08 14:30:00-04:00,227.3300018310547,227.36000061035156,226.4600067138672,226.8249969482422,4484923,0.0,0.0
2024-07-08 15:30:00-04:00,226.80999755859375,227.83999633789062,226.76010131835938,227.8000030517578,6040675,0.0,0.0
2024-07-09 09:30:00-04:00,228.18499755859375,229.39500427246094,226.37210083007812,228.52999877929688,13450286,0.0,0.0
2024-07-09 10:30:00-04:00,228.5229034423828,228.65499877929688,227.3000030517578,227.9149932861328,8133838,0.0,0.0
2024-07-09 11:30:00-04:00,227.91009521484375,228.2480010986328,227.60000610351562,228.17999267578125,4278456,0.0,0.0
2024-07-09 12:30:00-04:00,228.1699981689453,228.72540283203125,228.00999450683594,228.00999450683594,4244252,0.0,0.0
2024-07-09 13:30:00-04:00,228.0,228.53500366210938,227.85000610351562,228.44000244140625,3230951,0.0,0.0
2024-07-09 14:30:00-04:00,228.4499969482422,228.5198974609375,228.16000366210938,228.36000061035156,3274100,0.0,0.0
2024-07-09 15:30:00-04:00,228.35000610351562,228.77999877929688,228.1842041015625,228.6999969482422,4806474,0.0,0.0
2024-07-10 09:30:00-04:00,229.44000244140625,231.7220001220703,229.25,231.10000610351562,14711583,0.0,0.0
2024-07-10 10:30:00-04:00,231.11000061035156,231.15499877929688,230.10499572753906,230.9949951171875,6360484,0.0,0.0
2024-07-10 11:30:00-04:00,231.0,232.74000549316406,230.9550018310547,232.19500732421875,9467527,0.0,0.0
2024-07-10 12:30:00-04:00,232.1999969482422,232.4199981689453,230.7100067138672,231.55999755859375,7182941,0.0,0.0
2024-07-10 13:30:00-04:00,231.57000732421875,232.14999389648438,231.52000427246094,232.10000610351562,4334817,0.0,0.0
2024-07-10 14:30:00-04:00,232.10000610351562,232.19000244140625,231.6300048828125,231.75999450683594,4261881,0.0,0.0
2024-07-10 15:30:00-04:00,231.75999450683594,233.0800018310547,231.7050018310547,232.91000366210938,7115598,0.0,0.0
2024-07-11 09:30:00-04:00,231.31170654296875,232.38999938964844,228.52999877929688,228.89999389648438,16644797,0.0,0.0
2024-07-11 10:30:00-04:00,228.8699951171875,229.63999938964844,226.27000427246094,226.6199951171875,10923612,0.0,0.0
2024-07-11 11:30:00-04:00,226.6199951171875,227.83999633789062,225.77000427246094,227.7657928466797,7102718,0.0,0.0
2024-07-11 12:30:00-04:00,227.75999450683594,228.72000122070312,227.27000427246094,227.97999572753906,5833847,0.0,0.0
2024-07-11 13:30:00-04:00,227.97000122070312,227.97500610351562,226.58999633789062,227.26499938964844,3327985,0.0,0.0
2024-07-11 14:30:00-04:00,227.25999450683594,228.5500030517578,227.2100067138672,227.7100067138672,4129270,0.0,0.0
2024-07-11 15:30:00-04:00,227.72000122070312,228.6999969482422,227.5500030517578,227.5500030517578,6050973,0.0,0.0
2024-07-12 09:30:00-04:00,229.0,231.5,228.67999267578125,230.8800048828125,14080146,0.0,0.0
2024-07-12 10:30:00-04:00,230.8800048828125,232.3979949951172,230.6199951171875,231.89990234375,7527748,0.0,0.0
2024-07-12 11:30:00-04:00,231.89999389648438,231.99000549316406,230.50999450683594,230.7100067138672,5014273,0.0,0.0
2024-07-12 12:30:00-04:00,230.7100067138672,231.91000366210938,230.57000732421875,231.90249633789062,4220317,0.0,0.0
2024-07-12 13:30:00-04:00,231.89999389648438,232.63999938964844,231.83999633789062,232.27000427246094,4525973,0.0,0.0
2024-07-12 14:30:00-04:00,232.26499938964844,232.36000061035156,231.55999755859375,231.85989379882812,3484723,0.0,0.0
2024-07-12 15:30:00-04:00,231.86000061035156,231.8699951171875,229.91000366210938,230.57000732421875,5822133,0.0,0.0
2024-07-15 09:30:00-04:00,236.53199768066406,237.22999572753906,233.33999633789062,234.79010009765625,20535733,0.0,0.0
2024-07-15 10:30:00-04:00,234.82000732421875,236.3101043701172,234.47999572753906,235.60000610351562,6820287,0.0,0.0
2024-07-15 11:30:00-04:00,235.5800018310547,235.94979858398438,234.5,235.30799865722656,6582105,0.0,0.0
2024-07-15 12:30:00-04:00,235.32000732421875,235.8800048828125,234.6199951171875,234.69000244140625,3851727,0.0,0.0
2024-07-15 13:30:00-04:00,234.6595001220703,234.8000030517578,233.9040069580078,234.2050018310547,3774759,0.0,0.0
2024-07-15 14:30:00-04:00,234.2100067138672,235.07000732421875,233.97000122070312,234.5800018310547,4097236,0.0,0.0
2024-07-15 15:30:00-04:00,234.5800018310547,234.7899932861328,233.08999633789062,234.4199981689453,5847732,0.0,0.0
2024-07-16 09:30:00-04:00,235.2050018310547,236.27000427246094,233.00999450683594,233.8300018310547,11433979,0.0,0.0
2024-07-16 10:30:00-04:00,233.8300018310547,234.91000366210938,233.6750030517578,234.16000366210938,5219269,0.0,0.0
2024-07-16 11:30:00-04:00,234.16000366210938,234.35000610351562,232.6199951171875,232.94790649414062,5683620,0.0,0.0
2024-07-16 12:30:00-04:00,232.9250030517578,233.7971954345703,232.3300018310547,233.5449981689453,4383942,0.0,0.0
2024-07-16 13:30:00-04:00,233.5399932861328,234.5500030517578,233.4149932861328,234.38999938964844,3187466,0.0,0.0
2024-07-16 14:30:00-04:00,234.39950561523438,234.86500549316406,234.3000030517578,234.55990600585938,3209757,0.0,0.0
2024-07-16 15:30:00-04:00,234.5500030517578,234.97999572753906,234.28500366210938,234.80999755859375,2857260,0.0,0.0
2024-07-17 09:30:00-04:00,229.47999572753906,231.45989990234375,226.63999938964844,227.82000732421875,17630432,0.0,0.0
2024-07-17 10:30:00-04:00,227.8000030517578,228.8300018310547,227.4499969482422,228.6199951171875,5951133,0.0,0.0
2024-07-17 11:30:00-04:00,228.6300048828125,229.00999450683594,228.09500122070312,228.4949951171875,4229799,0.0,0.0
2024-07-17 12:30:00-04:00,228.48500061035156,229.00999450683594,228.14999389648438,228.6999969482422,3870619,0.0,0.0
2024-07-17 13:30:00-04:00,228.67999267578125,229.77999877929688,228.25999450683594,229.51910400390625,4477036,0.0,0.0
2024-07-17 14:30:00-04:00,229.51800537109375,229.8000030517578,228.9600067138672,229.13999938964844,4776274,0.0,0.0
2024-07-17 15:30:00-04:00,229.13999938964844,229.82000732421875,228.57000732421875,228.88499450683594,6250577,0.0,0.0
2024-07-18 09:30:00-04:00,230.34500122070312,230.44000244140625,226.58999633789062,227.88999938964844,12105218,0.0,0.0
2024-07-18 10:30:00-04:00,227.8699951171875,228.00999450683594,222.7899932861328,222.99000549316406,12436258,0.0,0.0
2024-07-18 11:30:00-04:00,222.97999572753906,224.02999877929688,222.4499969482422,223.35000610351562,7965624,0.0,0.0
2024-07-18 12:30:00-04:00,223.35000610351562,225.06500244140625,222.47000122070312,224.55999755859375,6798222,0.0,0.0
2024-07-18 13:30:00-04:00,224.5500030517578,225.1999969482422,224.4149932861328,224.60009765625,5011871,0.0,0.0
2024-07-18 14:30:00-04:00,224.5800018310547,225.07000732421875,223.45089721679688,224.1300048828125,4639961,0.0,0.0
2024-07-18 15:30:00-04:00,224.1199951171875,225.14999389648438,223.8249969482422,224.19000244140625,5051993,0.0,0.0
2024-07-19 09:30:00-04:00,224.8520050048828,226.8000030517578,224.4199981689453,225.0142059326172,14532936,0.0,0.0
2024-07-19 10:30:00-04:00,225.05999755859375,225.86000061035156,223.8708038330078,223.9600067138672,5048006,0.0,0.0
2024-07-19 11:30:00-04:00,223.9600067138672,225.0500030517578,223.55999755859375,223.94500732421875,5582598,0.0,0.0
2024-07-19 12:30:00-04:00,223.94000244140625,224.57989501953125,223.27499389648438,224.4600067138672,3519449,0.0,0.0
2024-07-19 13:30:00-04:00,224.42999267578125,224.94500732421875,223.86000061035156,224.44000244140625,3290229,0.0,0.0
2024-07-19 14:30:00-04:00,224.4600067138672,225.1199951171875,223.88999938964844,225.00999450683594,3663851,0.0,0.0
2024-07-19 15:30:00-04:00,225.0,225.0699005126953,224.00999450683594,224.3800048828125,5391560,0.0,0.0
2024-07-22 09:30:00-04:00,227.27000427246094,227.77999877929688,225.5800018310547,226.8000030517578,10034749,0.0,0.0
2024-07-22 10:30:00-04:00,226.80499267578125,227.12510681152344,223.72000122070312,223.82989501953125,6311242,0.0,0.0
2024-07-22 11:30:00-04:00,223.77999877929688,224.13999938964844,223.08999633789062,223.8350067138672,5069673,0.0,0.0
2024-07-22 12:30:00-04:00,223.8300018310547,224.58999633789062,223.6999969482422,224.38999938964844,3586983,0.0,0.0
2024-07-22 13:30:00-04:00,224.3699951171875,225.42010498046875,224.3300018310547,225.0500030517578,3036671,0.0,0.0
2024-07-22 14:30:00-04:00,225.05999755859375,225.6300048828125,224.6300048828125,224.67999267578125,4186965,0.0,0.0
2024-07-22 15:30:00-04:00,224.67999267578125,225.0399932861328,223.77999877929688,223.92999267578125,4547672,0.0,0.0
2024-07-23 09:30:00-04:00,224.39999389648438,225.13999938964844,222.67999267578125,224.625,7388967,0.0,0.0
2024-07-23 10:30:00-04:00,224.63999938964844,226.72999572753906,224.10060119628906,226.60890197753906,6042663,0.0,0.0
2024-07-23 11:30:00-04:00,226.61500549316406,226.92999267578125,225.1999969482422,225.639892578125,4384033,0.0,0.0
2024-07-23 12:30:00-04:00,225.6300048828125,225.6999053955078,224.61500549316406,224.72000122070312,3440068,0.0,0.0
2024-07-23 13:30:00-04:00,224.7100067138672,225.0399932861328,224.3800048828125,224.5399932861328,2742571,0.0,0.0
2024-07-23 14:30:00-04:00,224.57240295410156,225.10000610351562,224.3280029296875,225.07470703125,2717902,0.0,0.0
2024-07-23 15:30:00-04:00,225.05999755859375,225.27999877929688,224.32000732421875,225.00999450683594,3762733,0.0,0.0
2024-07-24 09:30:00-04:00,224.0,224.8000030517578,220.3000030517578,220.88999938964844,11171284,0.0,0.0
2024-07-24 10:30:00-04:00,220.89999389648438,221.02999877929688,218.2899932861328,218.6750030517578,9222223,0.0,0.0
2024-07-24 11:30:00-04:00,218.6699981689453,218.83999633789062,217.1300048828125,217.90499877929688,6271860,0.0,0.0
2024-07-24 12:30:00-04:00,217.90989685058594,218.5500030517578,217.72000122070312,218.0258026123047,4492564,0.0,0.0
2024-07-24 13:30:00-04:00,218.02000427246094,218.86000061035156,217.83999633789062,218.16000366210938,3875716,0.0,0.0
2024-07-24 14:30:00-04:00,218.16000366210938,218.42999267578125,217.7563018798828,217.88999938964844,4462246,0.0,0.0
2024-07-24 15:30:00-04:00,217.8800048828125,218.77999877929688,217.6999969482422,218.57000732421875,7678488,0.0,0.0
2024-07-25 09:30:00-04:00,218.8699951171875,219.84500122070312,214.6199951171875,215.80999755859375,14511135,0.0,0.0
2024-07-25 10:30:00-04:00,215.82000732421875,219.39999389648438,215.44009399414062,218.67999267578125,7290939,0.0,0.0
2024-07-25 11:30:00-04:00,218.6840057373047,220.52000427246094,218.11000061035156,220.19200134277344,5424720,0.0,0.0
2024-07-25 12:30:00-04:00,220.1999969482422,220.85000610351562,219.27000427246094,219.4199981689453,4035246,0.0,0.0
2024-07-25 13:30:00-04:00,219.42999267578125,220.47999572753906,219.3572998046875,219.8800048828125,3151089,0.0,0.0
2024-07-25 14:30:00-04:00,219.86000061035156,220.4199981689453,218.61700439453125,220.125,3922802,0.0,0.0
2024-07-25 15:30:00-04:00,220.10000610351562,220.27000427246094,217.3300018310547,217.49000549316406,5667186,0.0,0.0
2024-07-26 09:30:00-04:00,218.85000610351562,219.14990234375,216.00999450683594,217.39999389648438,10822541,0.0,0.0
2024-07-26 10:30:00-04:00,217.39500427246094,218.1540069580078,216.45590209960938,217.9553985595703,4349192,0.0,0.0
2024-07-26 11:30:00-04:00,217.9550018310547,219.02000427246094,217.50999450683594,218.69119262695312,4508080,0.0,0.0
2024-07-26 12:30:00-04:00,218.7100067138672,219.49000549316406,218.7100067138672,219.30450439453125,3011413,0.0,0.0
2024-07-26 13:30:00-04:00,219.30499267578125,219.326904296875,217.67999267578125,218.14999389648438,3519375,0.0,0.0
2024-07-26 14:30:00-04:00,218.16000366210938,218.75,217.56100463867188,218.60499572753906,3261740,0.0,0.0
2024-07-26 15:30:00-04:00,218.6199951171875,218.6199951171875,217.1300048828125,218.1199951171875,4479378,0.0,0.0
2024-07-29 09:30:00-04:00,216.67999267578125,219.3000030517578,215.92999267578125,217.72999572753906,9684510,0.0,0.0
2024-07-29 10:30:00-04:00,217.75,218.69000244140625,216.50999450683594,217.13999938964844,5007715,0.0,0.0
2024-07-29 11:30:00-04:00,217.11000061035156,218.9600067138672,216.60049438476562,218.5449981689453,3349338,0.0,0.0
2024-07-29 12:30:00-04:00,218.5500030517578,219.27999877929688,218.375,218.6999969482422,2769535,0.0,0.0
2024-07-29 13:30:00-04:00,218.6999969482422,219.08689880371094,218.0500030517578,218.35000610351562,2855524,0.0,0.0
2024-07-29 14:30:00-04:00,218.33999633789062,218.75,217.97000122070312,218.58999633789062,3092834,0.0,0.0
2024-07-29 15:30:00-04:00,218.58999633789062,219.1199951171875,218.0,218.2100067138672,3984140,0.0,0.0
2024-07-30 09:30:00-04:00,219.0399932861328,220.3249969482422,218.55999755859375,219.07000732421875,8172417,0.0,0.0
2024-07-30 10:30:00-04:00,219.07000732421875,219.33580017089844,217.1699981689453,217.2899932861328,5639492,0.0,0.0
2024-07-30 11:30:00-04:00,217.27999877929688,217.5399932861328,216.3300018310547,216.97999572753906,3537121,0.0,0.0
2024-07-30 12:30:00-04:00,216.9600067138672,217.35000610351562,216.1199951171875,217.25,3365740,0.0,0.0
2024-07-30 13:30:00-04:00,217.24000549316406,218.74000549316406,216.9600067138672,218.28500366210938,3146102,0.0,0.0
2024-07-30 14:30:00-04:00,218.27999877929688,218.7100067138672,217.97000122070312,218.6300048828125,3328246,0.0,0.0
2024-07-30 15:30:00-04:00,218.63999938964844,219.9199981689453,218.4499969482422,218.8000030517578,5666938,0.0,0.0
